marca,modelo,tipo_dnrpa,tipo_sistema
APPIA,ANDINA 110,MOTOCICLETA,Moto
APPIA,BERAKA 125,MOTOCICLETA,Moto
APPIA,BLESS 150,MOTOCICLETA,Moto
APPIA,BREZZA 150,MOTOCICLETA,Moto
APPIA,BREZZA EURO 150,MOTOCICLETA,Moto
APPIA,CITIPLUS 110,MOTOCICLETA,Moto
APPIA,CITIPLUS 110 T,MOTOCICLETA,Moto
APPIA,CITIPLUS110,MOTOCICLETA,Moto
APPIA,DCN 110,MOTOCICLETA,Moto
APPIA,GEREMY 125,MOTOCICLETA,Moto
APPIA,HARDWIND 200,MOTOCICLETA,Moto
APPIA,LEYENDA 150,MOTOCICLETA,Moto
APPIA,MONTERO 150,MOTOCICLETA,Moto
APPIA,REGIA 125,MOTOCICLETA / SCOOTER,Moto
APPIA,STRONGER 150,MOTOCICLETA,Moto
APPIA,STRONGER 250,MOTOCICLETA,Moto
APPIA,VECTRA 110,MOTOCICLETA,Moto
APPIA,VECTRA 110 N,MOTOCICLETA,Moto
APRILIA,APRILIA SR 160,MOTONETA / SCOOTER,Moto
APRILIA,DORSODURO 900,MOTOCICLETA,Moto
APRILIA,RSV4 RF,MOTOCICLETA,Moto
APRILIA,RSV4 RR,MOTOCICLETA,Moto
APRILIA,SHIVER 750 ABS,MOTOCICLETA,Moto
APRILIA,SHIVER 900,MOTOCICLETA,Moto
APRILIA,STX150,MOTOCICLETA,Moto
APRILIA,SXR 160,MOTONETA / SCOOTER,Moto
APRILIA,TUAREG 660,MOTOCICLETA,Moto
APRILIA,TUONO 457,MOTOCICLETA,Moto
APRILIA,TUONO V4 1100 FACTORY,MOTOCICLETA,Moto
APRILIA,TUONO V4 1100 RR,MOTOCICLETA,Moto
APRILIA,TUONO V4 FACTORY,MOTOCICLETA,Moto
APRILIA,TUONO V4 RR,MOTOCICLETA,Moto
ARIIC,ARIIC 318,MOTONETA / SCOOTER,Moto
BAJAJ,AVENGER 200,MOTOCICLETA,Moto
BAJAJ,AVENGER 220,MOTOCICLETA,Moto
BAJAJ,BOXER BM 150,MOTOCICLETA,Moto
BAJAJ,BOXER CT 100,MOTOCICLETA,Moto
BAJAJ,DISCOVER 125,MOTOCICLETA,Moto
BAJAJ,DOMINAR 250,MOTOCICLETA,Moto
BAJAJ,DOMINAR D400,MOTOCICLETA,Moto
BAJAJ,PULSAR 150,MOTOCICLETA,Moto
BAJAJ,PULSAR 180,MOTOCICLETA,Moto
BAJAJ,PULSAR 200,MOTOCICLETA,Moto
BAJAJ,ROUSER 125 LS,MOTOCICLETA,Moto
BAJAJ,ROUSER 135,MOTOCICLETA,Moto
BAJAJ,ROUSER 135 LS,MOTOCICLETA,Moto
BAJAJ,ROUSER 135LS,MOTOCICLETA,Moto
BAJAJ,ROUSER 180,MOTOCICLETA,Moto
BAJAJ,ROUSER 200,MOTOCICLETA,Moto
BAJAJ,ROUSER 220,MOTOCICLETA,Moto
BAJAJ,ROUSER AS 200,MOTOCICLETA,Moto
BAJAJ,ROUSER N 250,MOTOCICLETA,Moto
BAJAJ,ROUSER NS 125,MOTOCICLETA,Moto
BAJAJ,ROUSER NS 150,MOTOCICLETA,Moto
BAJAJ,ROUSER NS 160,MOTOCICLETA,Moto
BAJAJ,ROUSER NS 200 FI ABS,MOTOCICLETA,Moto
BAJAJ,ROUSER NS 400 Z,MOTOCICLETA,Moto
BAJAJ,ROUSER P 150,MOTOCICLETA,Moto
BAJAJ,ROUSER RS 200,MOTOCICLETA,Moto
BAJAJ,ROUSER220F,MOTOCICLETA,Moto
BAJAJ,V 15,MOTOCICLETA,Moto
BAJAJ,XCD125,MOTOCICLETA,Moto
BENELLI,180 S,MOTOCICLETA,Moto
BENELLI,302 R,MOTOCICLETA,Moto
BENELLI,302 S,MOTOCICLETA,Moto
BENELLI,502C,MOTOCICLETA,Moto
BENELLI,752S,MOTOCICLETA,Moto
BENELLI,CAFFENERO,MOTOCICLETA,Moto
BENELLI,IMPERIALE 400,MOTOCICLETA,Moto
BENELLI,LEONCINO 250,MOTOCICLETA,Moto
BENELLI,LEONCINO 500,MOTOCICLETA,Moto
BENELLI,LEONCINO 800 TRAIL,MOTOCICLETA,Moto
BENELLI,SETA,SCOOTER,Moto
BENELLI,TNT 135,MOTOCICLETA,Moto
BENELLI,TNT 600,MOTOCICLETA,Moto
BENELLI,TNT15,MOTOCICLETA,Moto
BENELLI,TNT25,MOTOCICLETA,Moto
BENELLI,TNT300,MOTOCICLETA,Moto
BENELLI,TNT600GT,MOTOCICLETA,Moto
BENELLI,TRK 251,MOTOCICLETA,Moto
BENELLI,TRK 502,MOTOCICLETA,Moto
BENELLI,TRK 502 X,MOTOCICLETA,Moto
BENELLI,TRK 702,MOTOCICLETA,Moto
BENELLI,TRK 702X,MOTOCICLETA,Moto
BENELLI,ZAFFERANO,SCOOTER,Moto
BETA,ARK,SCOOTER,Moto
BETA,ARROW 150,SCOOTER,Moto
BETA,ARROW 80,SCOOTER,Moto
BETA,BK150,MOTOCICLETA,Moto
BETA,BS110-1,MOTOCICLETA,Moto
BETA,EIKON,MOTOCICLETA / SCOOTER,Moto
BETA,ENDURO,CICLOMOTOR,Moto
BETA,EURO,CUATRICICLO / MOTOCICLETA,Moto
BETA,LX250-8,MOTOCICLETA,Moto
BETA,MINICROSS,MOTOCICLETA,Moto
BETA,QM 125 T 10V,SCOOTER,Moto
BETA,QM 200 GY,MOTOCICLETA,Moto
BETA,QM200GY CHRONO,MOTOCICLETA,Moto
BETA,QM200GY CRHONO,MOTOCICLETA,Moto
BETA,QM200GY MOTARD 2.0,MOTOCICLETA,Moto
BETA,QM200GY TR2.0,MOTOCICLETA,Moto
BETA,QUADRA,SCOOTER,Moto
BETA,RR450,MOTOCICLETA,Moto
BETA,TEMPO,SCOOTER,Moto
BETA,ZONTES 350 E,SCOOTER,Moto
BETA,ZONTES 350 GK,MOTOCICLETA,Moto
BETA,ZONTES 350 M,SCOOTER,Moto
BETA,ZONTES 350 R,MOTOCICLETA,Moto
BETA,ZONTES 350 V,MOTOCICLETA,Moto
BETA,ZONTES 350 X,MOTOCICLETA,Moto
BETA,ZT310R,MOTOCICLETA,Moto
BETA,ZT310T,MOTOCICLETA,Moto
BETA,ZT310V,MOTOCICLETA,Moto
BETA,ZT310X,MOTOCICLETA,Moto
BETAMOTOR,AKVO,MOTOCICLETA,Moto
BETAMOTOR,ARROW,MOTONETA / SCOOTER,Moto
BETAMOTOR,BK,MOTOCICLETA,Moto
BETAMOTOR,BOY,MOTOCICLETA,Moto
BETAMOTOR,BS 110-1,MOTOCICLETA,Moto
BETAMOTOR,CHRONO 2.5,MOTOCICLETA,Moto
BETAMOTOR,ENDURO MX 50,MOTOCICLETA,Moto
BETAMOTOR,FOUR,MOTOCICLETA,Moto
BETAMOTOR,MASTER XLF,MOTOCICLETA,Moto
BETAMOTOR,MINICROSS,MOTOCICLETA,Moto
BETAMOTOR,MINICROSS LEM,MOTOCICLETA,Moto
BETAMOTOR,MOTARD 2.0,MOTOCICLETA,Moto
BETAMOTOR,MOTARD 2.5,MOTOCICLETA,Moto
BETAMOTOR,NEOS,CICLOMOTOR,Moto
BETAMOTOR,RK6 CROSS,MOTOCICLETA,Moto
BETAMOTOR,RK6 ENDURO,MOTOCICLETA,Moto
BETAMOTOR,RR 125 2T,MOTOCICLETA,Moto
BETAMOTOR,RR 125 MINI,MOTOCICLETA,Moto
BETAMOTOR,RR 200 2T,MOTOCICLETA,Moto
BETAMOTOR,RR 300 2T,MOTOCICLETA,Moto
BETAMOTOR,RR 350 X,MOTOCICLETA,Moto
BETAMOTOR,RR 390,MOTOCICLETA,Moto
BETAMOTOR,RR 430,MOTOCICLETA,Moto
BETAMOTOR,RR 450,MOTOCICLETA,Moto
BETAMOTOR,RR 450 X,MOTOCICLETA,Moto
BETAMOTOR,RR 480,MOTOCICLETA,Moto
BETAMOTOR,RR 4T 430,MOTOCICLETA,Moto
BETAMOTOR,SCOOBY,MOTONETA / SCOOTER,Moto
BETAMOTOR,TEMPO,MOTONETA / SCOOTER,Moto
BETAMOTOR,TR 2.0,MOTOCICLETA,Moto
BETAMOTOR,TR 2.5,MOTOCICLETA,Moto
BETAMOTOR,URBA,MOTOCICLETA,Moto
BETAMOTOR,X-TRAINER 300,MOTOCICLETA,Moto
BETAMOTOR,ZONTES 310R,MOTOCICLETA,Moto
BETAMOTOR,ZONTES 310X,MOTOCICLETA,Moto
BETAMOTOR,ZONTES 350 D,MOTONETA / SCOOTER,Moto
BETAMOTOR,ZONTES 350 GK,MOTOCICLETA,Moto
BETAMOTOR,ZONTES 350 M,MOTONETA / SCOOTER,Moto
BETAMOTOR,ZONTES 350 R,MOTOCICLETA,Moto
BETAMOTOR,ZONTES 350 X,MOTOCICLETA,Moto
BETAMOTOR,ZONTES V 350,MOTOCICLETA,Moto
BETAMOTOR,ZT 200-G1,MOTOCICLETA,Moto
BETAMOTOR,ZT 200-U3,MOTOCICLETA,Moto
BETAMOTOR,ZT155-G,MOTOCICLETA,Moto
BETAMOTOR,ZT155-U,MOTOCICLETA,Moto
BETAMOTOR,ZT310M,MOTONETA / SCOOTER,Moto
BETAMOTOR,ZT310R,MOTOCICLETA,Moto
BETAMOTOR,ZT310T,MOTOCICLETA,Moto
BETAMOTOR,ZT310V,MOTOCICLETA,Moto
BETAMOTOR,ZT310X,MOTOCICLETA,Moto
BETAMOTOR,ZT350T,MOTOCICLETA,Moto
BMW,650,MOTOCICLETA,Moto
BMW,C 600 SPORT,SCOOTER,Moto
BMW,C400 X,SCOOTER,Moto
BMW,C650 SPORT,SCOOTER,Moto
BMW,C650GT,SCOOTER,Moto
BMW,F 650,MOTOCICLETA,Moto
BMW,F 650 GS,MOTOCICLETA,Moto
BMW,F 650 GS DAKAR,MOTOCICLETA,Moto
BMW,F 650 SM,MOTOCICLETA,Moto
BMW,F 650 ST,MOTOCICLETA,Moto
BMW,F 700 GS,MOTOCICLETA,Moto
BMW,F 750 GS,MOTOCICLETA,Moto
BMW,F 800 GS,MOTOCICLETA,Moto
BMW,F 800 GS ADVENTURE,MOTOCICLETA,Moto
BMW,F 800 R,MOTOCICLETA,Moto
BMW,F 850 GS,MOTOCICLETA,Moto
BMW,F 900 GS,MOTOCICLETA,Moto
BMW,F 900 GS ADVENTURE,MOTOCICLETA,Moto
BMW,F 900 GS-P,MOTOCICLETA,Moto
BMW,F650,MOTOCICLETA,Moto
BMW,F650 CS,MOTOCICLETA,Moto
BMW,F800ST,MOTOCICLETA,Moto
BMW,G 310 GS,MOTOCICLETA,Moto
BMW,G 450 X,MOTOCICLETA,Moto
BMW,G 650 GS,MOTOCICLETA,Moto
BMW,G310R,MOTOCICLETA,Moto
BMW,G650 X CHALLENGE,MOTOCICLETA,Moto
BMW,G650 X COUNTRY,MOTOCICLETA,Moto
BMW,G650GS SERTAO,MOTOCICLETA,Moto
BMW,GR 1200,MOTOCICLETA,Moto
BMW,K1200 R,MOTOCICLETA,Moto
BMW,K1200GT,MOTOCICLETA,Moto
BMW,K1200LT,MOTOCICLETA,Moto
BMW,K1200S,MOTOCICLETA,Moto
BMW,K1300GT,MOTOCICLETA,Moto
BMW,K1300R,MOTOCICLETA,Moto
BMW,K1600B,MOTOCICLETA,Moto
BMW,K1600GT,MOTOCICLETA,Moto
BMW,K1600GTL,MOTOCICLETA,Moto
BMW,K1600GTL EXCLUSIVE,MOTOCICLETA,Moto
BMW,M 1000 RR,MOTOCICLETA,Moto
BMW,M 1000 XR,MOTOCICLETA,Moto
BMW,R 1100 GS,MOTOCICLETA,Moto
BMW,R 1100 R,MOTOCICLETA,Moto
BMW,R 1100 RS,MOTOCICLETA,Moto
BMW,R 1100 RT,MOTOCICLETA,Moto
BMW,R 1150 RT,MOTOCICLETA,Moto
BMW,R 1250 GS,MOTOCICLETA,Moto
BMW,R 1250 GS ADVENTURE,MOTOCICLETA,Moto
BMW,R 1250 RT,MOTOCICLETA,Moto
BMW,R 1300 GS,MOTOCICLETA,Moto
BMW,R 1300 GS ADVENTURE,MOTOCICLETA,Moto
BMW,R 18,MOTOCICLETA,Moto
BMW,R 18 CLASSIC,MOTOCICLETA,Moto
BMW,R NINE T,MOTOCICLETA,Moto
BMW,R NINE T PURE,MOTOCICLETA,Moto
BMW,R NINE T RACER,MOTOCICLETA,Moto
BMW,R NINE T SCRAMBLER,MOTOCICLETA,Moto
BMW,R NINE T URBAN G/S,MOTOCICLETA,Moto
BMW,R1100S,MOTOCICLETA,Moto
BMW,R1150 GS ADVENTURE,MOTOCICLETA,Moto
BMW,R1150GS,MOTOCICLETA,Moto
BMW,R1150R,MOTOCICLETA,Moto
BMW,R1200,MOTOCICLETA,Moto
BMW,R1200C,MOTOCICLETA,Moto
BMW,R1200C INDEPENDENT,MOTOCICLETA,Moto
BMW,R1200CL,MOTOCICLETA,Moto
BMW,R1200GS,MOTOCICLETA,Moto
BMW,R1200GS ADVENTURE,MOTOCICLETA,Moto
BMW,R1200R,MOTOCICLETA,Moto
BMW,R1200RS,MOTOCICLETA,Moto
BMW,R1200RT,MOTOCICLETA,Moto
BMW,S1000R,MOTOCICLETA,Moto
BMW,S1000RR,MOTOCICLETA,Moto
BMW,S1000XR,MOTOCICLETA,Moto
BRAVA,ALPINA 110,MOTOCICLETA,Moto
BRAVA,ALPINA 125,MOTOCICLETA,Moto
BRAVA,ALTINO 150,MOTOCICLETA,Moto
BRAVA,ALTINO 180,MOTOCICLETA,Moto
BRAVA,ALTINO 200,MOTOCICLETA,Moto
BRAVA,APOLO 110,MOTOCICLETA,Moto
BRAVA,AQUILA 200,MOTOCICLETA,Moto
BRAVA,ATHENE 125,MOTOCICLETA,Moto
BRAVA,DAYSTAR 250,MOTOCICLETA,Moto
BRAVA,DAYSTAR ROUTIER 250,MOTOCICLETA,Moto
BRAVA,ELEKTRA 150,MOTOCICLETA,Moto
BRAVA,LAZER 70,MOTOCICLETA,Moto
BRAVA,NEVADA 100,MOTOCICLETA,Moto
BRAVA,NEVADA 110,MOTOCICLETA,Moto
BRAVA,NEVADA 110 SP,MOTOCICLETA,Moto
BRAVA,NEVADA 125,MOTOCICLETA,Moto
BRAVA,NEVADA 125 SP,MOTOCICLETA,Moto
BRAVA,TEXANA HS 200,MOTOCICLETA,Moto
BRAVA,TEXANA HS 250,MOTOCICLETA,Moto
BRAVA,WINSTAR 150,MOTONETA / SCOOTER / SCOOTER,Moto
CECCATO,ANDINA 300,MOTOCICLETA,Moto
CERRO,BIX CE 110-21,MOTOCICLETA,Moto
CERRO,BIX CE110-21,MOTOCICLETA,Moto
CERRO,CE 100,MOTOCICLETA,Moto
CERRO,CE 110,MOTOCICLETA,Moto
CERRO,CE 150-13,MOTOCICLETA,Moto
CERRO,CE125-12,MOTOCICLETA,Moto
CERRO,CE150-13,MOTOCICLETA,Moto
CERRO,CERRO COW CE70,MOTOCICLETA,Moto
CERRO,CERRO DOT CE70-7,MOTOCICLETA,Moto
CERRO,CHAMICAL CE 150,MOTOCICLETA,Moto
CERRO,COLT CE 200,MOTOCICLETA,Moto
CERRO,COW CE 70,MOTOCICLETA,Moto
CERRO,DOT CE 70-7,MOTOCICLETA,Moto
CERRO,FLY CE110,MOTOCICLETA,Moto
CERRO,LINK CE-110,MOTOCICLETA,Moto
CERRO,LINKCE-110,MOTOCICLETA,Moto
CERRO,MOV CE 125QT - 10,SCOOTER,Moto
CERRO,PRINCE CE-150-16,MOTOCICLETA,Moto
CERRO,PRINCE CE-250-16,MOTOCICLETA,Moto
CERRO,R9 CE125T - 8,SCOOTER,Moto
CERRO,ROUTER CE 250-16,MOTOCICLETA,Moto
CERRO,SCRATCH 200 R,MOTOCICLETA / SCOOTER,Moto
CF MOTO,250NK,MOTOCICLETA,Moto
CF MOTO,CF250-A,MOTOCICLETA,Moto
CFMOTO,250NK,MOTOCICLETA,Moto
CFMOTO,300CL-X,MOTOCICLETA,Moto
CFMOTO,300NK,MOTOCICLETA,Moto
CFMOTO,300SR,MOTOCICLETA,Moto
CFMOTO,400NK,MOTOCICLETA,Moto
CFMOTO,450CL-C,MOTOCICLETA,Moto
CFMOTO,450MT,MOTOCICLETA,Moto
CFMOTO,450NK,MOTOCICLETA,Moto
CFMOTO,450SR,MOTOCICLETA,Moto
CFMOTO,650GT,MOTOCICLETA,Moto
CFMOTO,650MT,MOTOCICLETA,Moto
CFMOTO,650NK,MOTOCICLETA,Moto
CFMOTO,675NK,MOTOCICLETA,Moto
CFMOTO,675SR-R,MOTOCICLETA,Moto
CFMOTO,700CL-X,MOTOCICLETA,Moto
CFMOTO,700CL-X ADV,MOTOCICLETA,Moto
CFMOTO,700CL-X HERITAGE,MOTOCICLETA,Moto
CFMOTO,700CL-X SPORT,MOTOCICLETA,Moto
CFMOTO,700MT,MOTOCICLETA,Moto
CFMOTO,700MT ADV,MOTOCICLETA,Moto
CFMOTO,800MT EXPLORE EDITION,MOTOCICLETA,Moto
CFMOTO,800MT SPORT,MOTOCICLETA,Moto
CFMOTO,800MT TOURING,MOTOCICLETA,Moto
CFMOTO,800MT-X,MOTOCICLETA,Moto
CFMOTO,800NK,MOTOCICLETA,Moto
CFMOTO,ATV CFORCE 110,MOTOCICLETA,Moto
CORVEN,DX 70,MOTOCICLETA,Moto
CORVEN,ENERGY 110,MOTOCICLETA,Moto
CORVEN,ENERGY 110 BY CORVEN,MOTOCICLETA,Moto
CORVEN,ENERGY 110 TUNING,MOTOCICLETA,Moto
CORVEN,ENERGY 125,MOTOCICLETA,Moto
CORVEN,EXPERT 150,MOTOCICLETA,Moto
CORVEN,EXPERT 80,MOTOCICLETA,Moto
CORVEN,HUNTER 150,MOTOCICLETA,Moto
CORVEN,HUNTER 150 BY CORVEN,MOTOCICLETA,Moto
CORVEN,HUNTER 160,MOTOCICLETA,Moto
CORVEN,HUNTER 200,MOTOCICLETA,Moto
CORVEN,INDIANA 256 BY CORVEN,MOTOCICLETA,Moto
CORVEN,MIRAGE 110,MOTOCICLETA,Moto
CORVEN,MIRAGE 110 BY CORVEN,MOTOCICLETA,Moto
CORVEN,TRIAX 150,MOTOCICLETA,Moto
CORVEN,TRIAX 200,MOTOCICLETA,Moto
CORVEN,TRIAX 200 MOTARD,MOTOCICLETA,Moto
CORVEN,TRIAX 250,MOTOCICLETA,Moto
CORVEN,TRIAX 250 ADVENTURE,MOTOCICLETA,Moto
CORVEN,TRIAX 250 TOURING,MOTOCICLETA,Moto
CORVEN,TXR 250 K4,MOTOCICLETA,Moto
CORVEN,TXR 250 K6,MOTOCICLETA,Moto
CORVEN,TXR 250 L,MOTOCICLETA,Moto
CORVEN,TXR 300 L,MOTOCICLETA,Moto
DA DALT,CICLOCARGA,CICLOMOTOR,Moto
DA DALT,CICLOCARGA DOBLE BANDE,CICLOMOTOR,Moto
DA DALT,DS 110,MOTOCICLETA,Moto
DAELIM,BZ1,MOTOCICLETA,Moto
DAELIM,DAYSTAR,MOTOCICLETA,Moto
DAELIM,QL 125,MOTONETA / SCOOTER,Moto
DAELIM,SZ2,MOTONETA / SCOOTER / SCOOTER,Moto
DAYAMA,DAYTONA 150,MOTOCICLETA,Moto
DUCATI,1199 PANIGALE ABS,MOTOCICLETA,Moto
DUCATI,1299 PANIGALE,MOTOCICLETA,Moto
DUCATI,1299 PANIGALE S,MOTOCICLETA,Moto
DUCATI,748,MOTOCICLETA,Moto
DUCATI,748 S,MOTOCICLETA,Moto
DUCATI,748 SPS,MOTOCICLETA,Moto
DUCATI,748R,MOTOCICLETA,Moto
DUCATI,749,MOTOCICLETA,Moto
DUCATI,749 S,MOTOCICLETA,Moto
DUCATI,899 PANIGALE,MOTOCICLETA,Moto
DUCATI,959 PANIGALE,MOTOCICLETA,Moto
DUCATI,999 S,MOTOCICLETA,Moto
DUCATI,DESERT X,MOTOCICLETA,Moto
DUCATI,DESERTX,MOTOCICLETA,Moto
DUCATI,DIAVEL,MOTOCICLETA,Moto
DUCATI,DIAVEL CARBON,MOTOCICLETA,Moto
DUCATI,DIAVEL V4,MOTOCICLETA,Moto
DUCATI,HYPERMOTARD,MOTOCICLETA,Moto
DUCATI,HYPERMOTARD 939,MOTOCICLETA,Moto
DUCATI,HYPERMOTARD 939 SP,MOTOCICLETA,Moto
DUCATI,HYPERMOTARD SP,MOTOCICLETA,Moto
DUCATI,M750,MOTOCICLETA,Moto
DUCATI,MONSTER,MOTOCICLETA,Moto
DUCATI,MONSTER 1200,MOTOCICLETA,Moto
DUCATI,MONSTER 1200 S,MOTOCICLETA,Moto
DUCATI,MONSTER 600,MOTOCICLETA,Moto
DUCATI,MONSTER 600 DARK,MOTOCICLETA,Moto
DUCATI,MONSTER 620,MOTOCICLETA,Moto
DUCATI,MONSTER 620 DARK,MOTOCICLETA,Moto
DUCATI,MONSTER 620 DARK I.E.,MOTOCICLETA,Moto
DUCATI,MONSTER 696,MOTOCICLETA,Moto
DUCATI,MONSTER 696 ABS,MOTOCICLETA,Moto
DUCATI,MONSTER 750,MOTOCICLETA,Moto
DUCATI,MONSTER 750 DARK,MOTOCICLETA,Moto
DUCATI,MONSTER 796,MOTOCICLETA,Moto
DUCATI,MONSTER 796 ABS,MOTOCICLETA,Moto
DUCATI,MONSTER 797,MOTOCICLETA,Moto
DUCATI,MONSTER 821,MOTOCICLETA,Moto
DUCATI,MONSTER 821 STEALTH,MOTOCICLETA,Moto
DUCATI,MONSTER 900,MOTOCICLETA,Moto
DUCATI,MONSTER 900 CROMO,MOTOCICLETA,Moto
DUCATI,MONSTER 900 DARK,MOTOCICLETA,Moto
DUCATI,MONSTER 900S,MOTOCICLETA,Moto
DUCATI,MONSTER 900S 4,MOTOCICLETA,Moto
DUCATI,MONSTER S2R 1000,MOTOCICLETA,Moto
DUCATI,MONSTER S4R,MOTOCICLETA,Moto
DUCATI,MONSTER S4R TESTASTRET,MOTOCICLETA,Moto
DUCATI,MONSTER S4RS TESTASTRE,MOTOCICLETA,Moto
DUCATI,MULTISTRADA,MOTOCICLETA,Moto
DUCATI,MULTISTRADA 1000 DS,MOTOCICLETA,Moto
DUCATI,MULTISTRADA 1000DS S,MOTOCICLETA,Moto
DUCATI,MULTISTRADA 1200,MOTOCICLETA,Moto
DUCATI,MULTISTRADA 1200 ABS,MOTOCICLETA,Moto
DUCATI,MULTISTRADA 1200 ENDUR,MOTOCICLETA,Moto
DUCATI,MULTISTRADA 1200 S,MOTOCICLETA,Moto
DUCATI,MULTISTRADA 1260,MOTOCICLETA,Moto
DUCATI,MULTISTRADA 1260 ENDUR,MOTOCICLETA,Moto
DUCATI,MULTISTRADA 1260 S,MOTOCICLETA,Moto
DUCATI,MULTISTRADA 950,MOTOCICLETA,Moto
DUCATI,MULTISTRADA 950 S,MOTOCICLETA,Moto
DUCATI,MULTISTRADA V2,MOTOCICLETA,Moto
DUCATI,MULTISTRADA V2 S,MOTOCICLETA,Moto
DUCATI,MULTISTRADA V2 S 896,MOTOCICLETA,Moto
DUCATI,MULTISTRADA V4,MOTOCICLETA,Moto
DUCATI,MULTISTRADA V4 S,MOTOCICLETA,Moto
DUCATI,MULTISTRADA V4 S RADAR,MOTOCICLETA,Moto
DUCATI,PANIGALE V4,MOTOCICLETA,Moto
DUCATI,PANIGALE V4 TRICOLORE,MOTOCICLETA,Moto
DUCATI,PANIGALE V4S,MOTOCICLETA,Moto
DUCATI,PAUL SMART 1000,MOTOCICLETA,Moto
DUCATI,PAUL SMART 1000 LE,MOTOCICLETA,Moto
DUCATI,SCRAMBLER 1100,MOTOCICLETA,Moto
DUCATI,SCRAMBLER 1100 SPECIAL,MOTOCICLETA,Moto
DUCATI,SCRAMBLER 1100 SPORT,MOTOCICLETA,Moto
DUCATI,SCRAMBLER 400 SIXTY 2,MOTOCICLETA,Moto
DUCATI,SCRAMBLER 800,MOTOCICLETA,Moto
DUCATI,SCRAMBLER 800 CLASSIC,MOTOCICLETA,Moto
DUCATI,SCRAMBLER 800 DESERT SL,MOTOCICLETA,Moto
DUCATI,SCRAMBLER 800 ICON,MOTOCICLETA,Moto
DUCATI,SCRAMBLER 800 MACH 2.0,MOTOCICLETA,Moto
DUCATI,SCRAMBLER 800 URBAN EN,MOTOCICLETA,Moto
DUCATI,SCRAMBLER FULL THROTTL,MOTOCICLETA,Moto
DUCATI,SCRAMBLER ICON,MOTOCICLETA,Moto
DUCATI,SCRAMBLER ICON 2G,MOTOCICLETA,Moto
DUCATI,SCRAMBLER ICON DARK,MOTOCICLETA,Moto
DUCATI,SCRAMBLER ICON DARK 2G,MOTOCICLETA,Moto
DUCATI,SCRAMBLER NIGHTSHIFT,MOTOCICLETA,Moto
DUCATI,SPORT 1000,MOTOCICLETA,Moto
DUCATI,SPORT TOURING 2,MOTOCICLETA,Moto
DUCATI,SPORT TOURING 4,MOTOCICLETA,Moto
DUCATI,ST3,MOTOCICLETA,Moto
DUCATI,STREETFIGHTER 848,MOTOCICLETA,Moto
DUCATI,SUPER SPORT 750,MOTOCICLETA,Moto
DUCATI,SUPER SPORT 900,MOTOCICLETA,Moto
DUCATI,SUPERSPORT,MOTOCICLETA,Moto
DUCATI,SUPERSPORT S,MOTOCICLETA,Moto
DUCATI,XDIAVEL,MOTOCICLETA,Moto
DUCATI,XDIAVEL S,MOTOCICLETA,Moto
ELITE,ELITE 125,SCOOTER,Moto
ELPRA ELECTRIC,CITY-M8-CITY CHOPER- CY,MOTOCICLETA,Moto
ELPRA ELECTRIC,FOLK/ZMAJ05,MOTOCICLETA,Moto
ELPRA ELECTRIC,INDIE,MOTONETA / SCOOTER,Moto
ELPRA ELECTRIC,MASTER,MOTONETA / SCOOTER,Moto
ELPRA ELECTRIC,TWIST/LX05/TW,MOTOCICLETA,Moto
EUROMOT,GTX250B A,MOTOCICLETA,Moto
EUROMOT,GTX250B B,MOTOCICLETA,Moto
EUROMOT,HJ110-2,MOTOCICLETA,Moto
EUROMOT,HJ125-7,MOTOCICLETA,Moto
EUROMOT,HJ125T-11A,MOTOCICLETA / SCOOTER,Moto
GAF,GX 125,MOTOCICLETA,Moto
GARELLI,NOI MATIC,CICLOMOTOR,Moto
GARELLI SAHEL,SAHEL 150,MOTOCICLETA,Moto
GARELLI SAHEL,SAHEL 200,MOTOCICLETA,Moto
GAS GAS,EC 300,MOTOCICLETA,Moto
GAS GAS,EC 350F,MOTOCICLETA,Moto
GAS GAS,EC250,MOTOCICLETA,Moto
GAS GAS,ES 700,MOTOCICLETA,Moto
GAS GAS,MC 250F,MOTOCICLETA,Moto
GAS GAS,MC 350F,MOTOCICLETA,Moto
GAS GAS,MC 450F BT,MOTOCICLETA,Moto
GAS GAS,MC 450F FACTORY EDITION,MOTOCICLETA,Moto
GAS GAS,MC450F,MOTOCICLETA,Moto
GAS GAS,TXT RACING 300,MOTOCICLETA,Moto
GASGAS,EC 250 F,MOTOCICLETA,Moto
GASGAS,EC 250F,MOTOCICLETA,Moto
GHIGGERI,VITA 110,MOTOCICLETA,Moto
GHIGGERI,VITA 110 SPORT TUNNING,MOTOCICLETA,Moto
GILERA,AC4,MOTOCICLETA,Moto
GILERA,AG50,SCOOTER,Moto
GILERA,AX100,MOTOCICLETA,Moto
GILERA,C100 ESTILO,MOTOCICLETA,Moto
GILERA,C110,MOTOCICLETA,Moto
GILERA,C110 ESTILO,MOTOCICLETA / SIN ESPECIFICACION,Moto
GILERA,C50,MOTOCICLETA,Moto
GILERA,C70,MOTOCICLETA,Moto
GILERA,CD 100-3B,MOTOCICLETA,Moto
GILERA,EG2,MOTONETA / SCOOTER / SCOOTER,Moto
GILERA,FU,MOTOCICLETA,Moto
GILERA,FUTURA,MOTOCICLETA,Moto
GILERA,FUTURA 110,MOTOCICLETA,Moto
GILERA,FX-125,MOTOCICLETA / SCOOTER,Moto
GILERA,G1,MOTOCICLETA,Moto
GILERA,GA 50-4T,CICLOMOTOR,Moto
GILERA,GA 50-4T PRONTO,CICLOMOTOR,Moto
GILERA,GA 70-4T,CICLOMOTOR,Moto
GILERA,GA 70-4T PRONTO,CICLOMOTOR,Moto
GILERA,GA-125,MOTOCICLETA,Moto
GILERA,GA-50,CICLOMOTOR,Moto
GILERA,GA-50 PRONTO,CICLOMOTOR,Moto
GILERA,GA125,MOTOCICLETA,Moto
GILERA,GLA 110,MOTOCICLETA,Moto
GILERA,GLA-110,MOTOCICLETA,Moto
GILERA,GLA100,MOTOCICLETA,Moto
GILERA,GX1,MOTOCICLETA,Moto
GILERA,JL150,MOTOCICLETA,Moto
GILERA,LC 150,MOTOCICLETA,Moto
GILERA,LX100-3A,MOTOCICLETA,Moto
GILERA,LX100-3B,MOTOCICLETA,Moto
GILERA,QAX100,MOTOCICLETA,Moto
GILERA,QM 100,MOTOCICLETA,Moto
GILERA,QM100-12,MOTOCICLETA,Moto
GILERA,QM100-7B,MOTOCICLETA,Moto
GILERA,QM100-9,MOTOCICLETA,Moto
GILERA,QM110-7B,MOTOCICLETA,Moto
GILERA,QM110-9,MOTOCICLETA,Moto
GILERA,QM125-10,MOTOCICLETA,Moto
GILERA,QM125-11A,MOTOCICLETA,Moto
GILERA,QM125-7B,MOTOCICLETA,Moto
GILERA,QM125T-10A,MOTOCICLETA / SCOOTER,Moto
GILERA,QM125T-10D,SCOOTER,Moto
GILERA,QS90-2,MOTOCICLETA,Moto
GILERA,SAHEL 150,MOTOCICLETA,Moto
GILERA,SG 150,MOTONETA / SCOOTER,Moto
GILERA,SMASH,MOTOCICLETA,Moto
GILERA,SMASH R,MOTOCICLETA,Moto
GILERA,SMASH T,MOTOCICLETA,Moto
GILERA,SMX 200,MOTOCICLETA,Moto
GILERA,SMX 200 MS1,MOTOCICLETA,Moto
GILERA,SMX 250,MOTOCICLETA,Moto
GILERA,SMX 400,MOTOCICLETA,Moto
GILERA,SMX400,MOTOCICLETA,Moto
GILERA,SPEEDY,SCOOTER,Moto
GILERA,SUPER,SCOOTER,Moto
GILERA,VC 200 R,MOTOCICLETA,Moto
GILERA,VC 200R,MOTOCICLETA,Moto
GILERA,VC 70,CICLOMOTOR,Moto
GILERA,VC-R 250,MOTOCICLETA,Moto
GILERA,VC125,MOTOCICLETA,Moto
GILERA,VC150,MOTOCICLETA,Moto
GILERA,VC200,MOTOCICLETA,Moto
GILERA,VC250,MOTOCICLETA,Moto
GILERA,VC650,MOTOCICLETA,Moto
GILERA,VOGE 300,MOTOCICLETA,Moto
GILERA,VOGE 300 RALLY,MOTOCICLETA,Moto
GILERA,VOGE 300AC,MOTOCICLETA,Moto
GILERA,VOGE 300DS,MOTOCICLETA,Moto
GILERA,VOGE 500AC,MOTOCICLETA,Moto
GILERA,VOGE 500DS,MOTOCICLETA,Moto
GILERA,VOGE 500R,MOTOCICLETA,Moto
GILERA,VOGE 525R,MOTOCICLETA,Moto
GILERA,VOGE 650DS,MOTOCICLETA,Moto
GILERA,VOGE AC350,MOTOCICLETA,Moto
GILERA,VOGE AC525,MOTOCICLETA,Moto
GILERA,VOGE DS525X,MOTOCICLETA,Moto
GILERA,VOGE DS800X RALLY,MOTOCICLETA,Moto
GILERA,VOGE DS900X,MOTOCICLETA,Moto
GILERA,VOGE SR3,MOTONETA / SCOOTER,Moto
GILERA,VOGE SR4 MAX,MOTONETA / SCOOTER,Moto
GILERA,YL 150,MOTOCICLETA / SIN ESPECIFICACION,Moto
GILERA,YL 200,MOTOCICLETA,Moto
GILERA,YL 275,MOTOCICLETA,Moto
GILERA,YL125T-3,SCOOTER,Moto
GILERA,YL200,MOTOCICLETA,Moto
GUERRERO,G 50,MOTOCICLETA,Moto
GUERRERO,G100 DE LUXE,MOTOCICLETA,Moto
GUERRERO,G100 TRIP,MOTOCICLETA,Moto
GUERRERO,G110,MOTOCICLETA,Moto
GUERRERO,G110 FLASH,MOTOCICLETA,Moto
GUERRERO,G110 TRIP,MOTOCICLETA,Moto
GUERRERO,G110 WAY,MOTOCICLETA,Moto
GUERRERO,G110DB,MOTOCICLETA,Moto
GUERRERO,G110DL,MOTOCICLETA,Moto
GUERRERO,G125 TRIP,MOTOCICLETA,Moto
GUERRERO,G50 AE,MOTOCICLETA,Moto
GUERRERO,G50AE ECONO,MOTOCICLETA,Moto
GUERRERO,G90 ECONO,MOTOCICLETA,Moto
GUERRERO,GC 125,MOTOCICLETA,Moto
GUERRERO,GC 230 QUEEN,MOTOCICLETA,Moto
GUERRERO,GC125 QUEEN,MOTOCICLETA,Moto
GUERRERO,GC125QUEEN,MOTOCICLETA,Moto
GUERRERO,GC150,MOTOCICLETA,Moto
GUERRERO,GC150 QUEEN,MOTOCICLETA,Moto
GUERRERO,GC150 URBAN,MOTOCICLETA,Moto
GUERRERO,GC200,MOTOCICLETA,Moto
GUERRERO,GC200 QUEEN,MOTOCICLETA,Moto
GUERRERO,GE 110,MOTOCICLETA,Moto
GUERRERO,GK110,MOTOCICLETA,Moto
GUERRERO,GMX 150,MOTOCICLETA,Moto
GUERRERO,GMX250,MOTOCICLETA,Moto
GUERRERO,GN110 KEOKEN,MOTOCICLETA,Moto
GUERRERO,GPR 200,MOTOCICLETA,Moto
GUERRERO,GPR 250,MOTOCICLETA,Moto
GUERRERO,GPR250,MOTOCICLETA,Moto
GUERRERO,GR1,MOTOCICLETA,Moto
GUERRERO,GR1 200,MOTOCICLETA,Moto
GUERRERO,GR5 200,MOTOCICLETA,Moto
GUERRERO,GR6,MOTOCICLETA,Moto
GUERRERO,GRF250,MOTOCICLETA,Moto
GUERRERO,GRF250X,MOTOCICLETA,Moto
GUERRERO,GRF70,MOTOCICLETA,Moto
GUERRERO,GRF90,MOTOCICLETA,Moto
GUERRERO,GRM 150,MOTOCICLETA,Moto
GUERRERO,GSL 150,MOTOCICLETA / SCOOTER,Moto
GUERRERO,GSL150 ANDIAMO,MOTONETA / SCOOTER,Moto
GUERRERO,GSL150 WEAPON,MOTONETA / SCOOTER,Moto
GUERRERO,GT 70,MOTOCICLETA,Moto
GUERRERO,GT110,MOTOCICLETA,Moto
GUERRERO,GT70,MOTOCICLETA,Moto
GUERRERO,GVL400,MOTOCICLETA,Moto
GUERRERO,GXL 125,MOTOCICLETA,Moto
GUERRERO,GXL 150,MOTOCICLETA,Moto
GUERRERO,GXL150,MOTOCICLETA,Moto
GUERRERO,GXL150 TUNDRA,MOTOCICLETA,Moto
GUERRERO,GXM200,MOTOCICLETA,Moto
GUERRERO,GXR 250,MOTOCICLETA,Moto
GUERRERO,GXR200 TUNDRA,MOTOCICLETA,Moto
GUERRERO,GXR250 TUNDRA,MOTOCICLETA,Moto
GUERRERO,GXR300,MOTOCICLETA,Moto
GUERRERO,WG 100,MOTOCICLETA,Moto
HAOJUE,NK 150,MOTOCICLETA,Moto
HARLEY DAVIDSON,1200 CUSTOM XLC,MOTOCICLETA,Moto
HARLEY DAVIDSON,1200 LOW XL,MOTOCICLETA,Moto
HARLEY DAVIDSON,DYNA STREET BOB,MOTOCICLETA,Moto
HARLEY DAVIDSON,DYNA SUPERGILDE,MOTOCICLETA,Moto
HARLEY DAVIDSON,DYNA SUPERGLIDE,MOTOCICLETA,Moto
HARLEY DAVIDSON,DYNA WIDE GLIDE,MOTOCICLETA,Moto
HARLEY DAVIDSON,E.CLIDE,MOTOCICLETA,Moto
HARLEY DAVIDSON,ELECTRA GLIDE,MOTOCICLETA,Moto
HARLEY DAVIDSON,FAT BOY,MOTOCICLETA,Moto
HARLEY DAVIDSON,FL SS SOFTAIL SLIM S,MOTOCICLETA,Moto
HARLEY DAVIDSON,FLFB FAT BOY,MOTOCICLETA,Moto
HARLEY DAVIDSON,FLFBS ANV FAT BOY 114 AN,MOTOCICLETA,Moto
HARLEY DAVIDSON,FLFBS ANX FAT BOY 114 AN,MOTOCICLETA,Moto
HARLEY DAVIDSON,FLFBS FAT BOY 114,MOTOCICLETA,Moto
HARLEY DAVIDSON,FLH 1200,MOTOCICLETA,Moto
HARLEY DAVIDSON,FLHP ROAD KING POLICE,MOTOCICLETA,Moto
HARLEY DAVIDSON,FLHR ROAD KING,MOTOCICLETA,Moto
HARLEY DAVIDSON,FLHR ROAD KING POLICE,MOTOCICLETA,Moto
HARLEY DAVIDSON,FLHRC ROAD KING CLASSIC,MOTOCICLETA,Moto
HARLEY DAVIDSON,FLHRCI ROAD KING CLASSIC,MOTOCICLETA,Moto
HARLEY DAVIDSON,FLHRI ROAD KING EFI,MOTOCICLETA,Moto
HARLEY DAVIDSON,FLHRS ROAD KING CUSTOM,MOTOCICLETA,Moto
HARLEY DAVIDSON,FLHT ELECTRA GLIDE,MOTOCICLETA,Moto
HARLEY DAVIDSON,FLHTC ELECTRA GLIDE CLAS,MOTOCICLETA,Moto
HARLEY DAVIDSON,FLHTCUI ELECTRA GLIDE UL,MOTOCICLETA,Moto
HARLEY DAVIDSON,FLHTK ELECTRA GLIDE ULTR,MOTOCICLETA,Moto
HARLEY DAVIDSON,FLHTK ULTRA LIMITED,MOTOCICLETA,Moto
HARLEY DAVIDSON,FLHX STREET GLIDE,MOTOCICLETA,Moto
HARLEY DAVIDSON,FLHXSE CVO STREET GLIDE,MOTOCICLETA,Moto
HARLEY DAVIDSON,FLS SOFTAIL SLIM,MOTOCICLETA,Moto
HARLEY DAVIDSON,FLSL SLIM,MOTOCICLETA,Moto
HARLEY DAVIDSON,FLSTF FAT BOY,MOTOCICLETA,Moto
HARLEY DAVIDSON,FLSTF SOFTAIL FATBOY,MOTOCICLETA,Moto
HARLEY DAVIDSON,FLSTFB FAT BOY SPECIAL,MOTOCICLETA,Moto
HARLEY DAVIDSON,FLSTFBS FAT BOY S,MOTOCICLETA,Moto
HARLEY DAVIDSON,FLSTFI FAT BOY ANNIV,MOTOCICLETA,Moto
HARLEY DAVIDSON,FLSTFI FAT BOY EFI,MOTOCICLETA,Moto
HARLEY DAVIDSON,FLSTFSE2,MOTOCICLETA,Moto
HARLEY DAVIDSON,FLSTN HERITAGE SOFTAIL S,MOTOCICLETA,Moto
HARLEY DAVIDSON,FLSTN SOFTAIL DELUXE,MOTOCICLETA,Moto
HARLEY DAVIDSON,FLSTNI SOFTAIL DELUXE,MOTOCICLETA,Moto
HARLEY DAVIDSON,FLSTS HERITAGE SPRINGER,MOTOCICLETA,Moto
HARLEY DAVIDSON,FLTRU ROAD GLIDE ULTRA,MOTOCICLETA,Moto
HARLEY DAVIDSON,FLTRXS ROAD GLIDE SPECIA,MOTOCICLETA,Moto
HARLEY DAVIDSON,FXBB STREET BOB,MOTOCICLETA,Moto
HARLEY DAVIDSON,FXBR BREAKOUT,MOTOCICLETA,Moto
HARLEY DAVIDSON,FXBRS BREAKOUT 114,MOTOCICLETA,Moto
HARLEY DAVIDSON,FXCWC ROCKER C,MOTOCICLETA,Moto
HARLEY DAVIDSON,FXD DYNA SUPER GLIDE,MOTOCICLETA,Moto
HARLEY DAVIDSON,FXDB DYNA STREET BOB,MOTOCICLETA,Moto
HARLEY DAVIDSON,FXDBI DYNA STREET BOB,MOTOCICLETA,Moto
HARLEY DAVIDSON,FXDCI DYNA SUPER GLIDE C,MOTOCICLETA,Moto
HARLEY DAVIDSON,FXDF DYNA FAT BOB,MOTOCICLETA,Moto
HARLEY DAVIDSON,FXDL 103 LOW RIDER,MOTOCICLETA,Moto
HARLEY DAVIDSON,FXDL DYNA LOW RIDER,MOTOCICLETA,Moto
HARLEY DAVIDSON,FXDR 114,MOTOCICLETA,Moto
HARLEY DAVIDSON,FXDWG 103 WIDE GLIDE,MOTOCICLETA,Moto
HARLEY DAVIDSON,FXDWG DYNA WIDE GLIDE,MOTOCICLETA,Moto
HARLEY DAVIDSON,FXDXI DYNA SUPER GLIDE S,MOTOCICLETA,Moto
HARLEY DAVIDSON,FXSB BREAKOUT,MOTOCICLETA,Moto
HARLEY DAVIDSON,FXST SOFTAIL STANDARD,MOTOCICLETA,Moto
HARLEY DAVIDSON,FXSTB NIGHT TRAIN,MOTOCICLETA,Moto
HARLEY DAVIDSON,FXSTBI NIGHT TRAIN (EFI),MOTOCICLETA,Moto
HARLEY DAVIDSON,FXSTC SOFTAIL CUSTOM,MOTOCICLETA,Moto
HARLEY DAVIDSON,FXSTD SOFTAIL DEUCE,MOTOCICLETA,Moto
HARLEY DAVIDSON,FXSTI SOFTAIL (EFI),MOTOCICLETA,Moto
HARLEY DAVIDSON,FXSTS SPRINGER SOFTAIL,MOTOCICLETA,Moto
HARLEY DAVIDSON,NIGTH TRAIN,MOTOCICLETA,Moto
HARLEY DAVIDSON,RH1250S SPORTSTER S,MOTOCICLETA,Moto
HARLEY DAVIDSON,ROAD KING,MOTOCICLETA,Moto
HARLEY DAVIDSON,ROAD KING POLICE,MOTOCICLETA,Moto
HARLEY DAVIDSON,SOFTAIL,MOTOCICLETA,Moto
HARLEY DAVIDSON,SOFTAIL DE LUXE,MOTOCICLETA,Moto
HARLEY DAVIDSON,SOFTAIL DELUXE,MOTOCICLETA,Moto
HARLEY DAVIDSON,SOFTAIL SPRINGER CLASSIC,MOTOCICLETA,Moto
HARLEY DAVIDSON,SPORSTER 883 HD,MOTOCICLETA,Moto
HARLEY DAVIDSON,SPORTER 1200 LOW XL,MOTOCICLETA,Moto
HARLEY DAVIDSON,SPORTER XL1200C,MOTOCICLETA,Moto
HARLEY DAVIDSON,SPORTSTER,MOTOCICLETA,Moto
HARLEY DAVIDSON,SPORTSTER 1200 CUSTOM,MOTOCICLETA,Moto
HARLEY DAVIDSON,SPORTSTER 883,MOTOCICLETA,Moto
HARLEY DAVIDSON,SPORTSTER 883 CUSTOM,MOTOCICLETA,Moto
HARLEY DAVIDSON,SPORTSTER 883 XL,MOTOCICLETA,Moto
HARLEY DAVIDSON,SPORTSTER 883 XLL,MOTOCICLETA,Moto
HARLEY DAVIDSON,SPORTSTER 883R,MOTOCICLETA,Moto
HARLEY DAVIDSON,SPORTSTER XL1200 LOW,MOTOCICLETA,Moto
HARLEY DAVIDSON,V-ROD,MOTOCICLETA,Moto
HARLEY DAVIDSON,VRSCA V-ROD,MOTOCICLETA,Moto
HARLEY DAVIDSON,VRSCAW V-ROD,MOTOCICLETA,Moto
HARLEY DAVIDSON,VRSCB V-ROD,MOTOCICLETA,Moto
HARLEY DAVIDSON,VRSCDX,MOTOCICLETA,Moto
HARLEY DAVIDSON,VRSCDX NIGHT ROD SPECIA,MOTOCICLETA,Moto
HARLEY DAVIDSON,VRSCR STREET ROD,MOTOCICLETA,Moto
HARLEY DAVIDSON,XG 750 STREET 750,MOTOCICLETA,Moto
HARLEY DAVIDSON,XL 1200 C,MOTOCICLETA,Moto
HARLEY DAVIDSON,XL 1200 CUSTOM,MOTOCICLETA,Moto
HARLEY DAVIDSON,XL 1200 FORTY EIGHT,MOTOCICLETA,Moto
HARLEY DAVIDSON,XL 1200R SPORTSTER 1200,MOTOCICLETA,Moto
HARLEY DAVIDSON,XL 1200S,MOTOCICLETA,Moto
HARLEY DAVIDSON,XL 1200X XL FORTY EIGTH,MOTOCICLETA,Moto
HARLEY DAVIDSON,XL 50 SPORTSTER 50 ANNIV,MOTOCICLETA,Moto
HARLEY DAVIDSON,XL 883 N IRON,MOTOCICLETA,Moto
HARLEY DAVIDSON,XL 883 SPORTSTER 883,MOTOCICLETA,Moto
HARLEY DAVIDSON,XL 883 SPORTSTER STANDA,MOTOCICLETA,Moto
HARLEY DAVIDSON,XL 883C CUSTOM,MOTOCICLETA,Moto
HARLEY DAVIDSON,XL 883C SPORTSTER,MOTOCICLETA,Moto
HARLEY DAVIDSON,XL SPORTSTER 1200,MOTOCICLETA,Moto
HARLEY DAVIDSON,XL SPORTSTER 883,MOTOCICLETA,Moto
HARLEY DAVIDSON,XL SPORTSTER 883L,MOTOCICLETA,Moto
HARLEY DAVIDSON,XL SPORTSTER 883R,MOTOCICLETA,Moto
HARLEY DAVIDSON,XL1200C 1200 CUSTOM,MOTOCICLETA,Moto
HARLEY DAVIDSON,XL1200L SPORTSTER 1200 L,MOTOCICLETA,Moto
HARLEY DAVIDSON,XL1200N NIGHTSTER,MOTOCICLETA,Moto
HARLEY DAVIDSON,XL1200NS IRON 1200,MOTOCICLETA,Moto
HARLEY DAVIDSON,XL1200R SPORTSTER,MOTOCICLETA,Moto
HARLEY DAVIDSON,XL1200T SUPERLOW 1200T,MOTOCICLETA,Moto
HARLEY DAVIDSON,XL1200V SPORTSTER,MOTOCICLETA,Moto
HARLEY DAVIDSON,XL1200X FORTY-EIGHT,MOTOCICLETA,Moto
HARLEY DAVIDSON,XL1200XS FORTY EIGHT SPE,MOTOCICLETA,Moto
HARLEY DAVIDSON,XL883L SPORTSTER 883,MOTOCICLETA,Moto
HARLEY DAVIDSON,XL883L SUPERLOW,MOTOCICLETA,Moto
HARLEY DAVIDSON,XL883N IRON 883,MOTOCICLETA,Moto
HARLEY DAVIDSON,XL883N SPORTSTER,MOTOCICLETA,Moto
HARLEY DAVIDSON,XL883R SPORTSTER R,MOTOCICLETA,Moto
HARLEY DAVIDSON,XLH SPORTSTER 1200,MOTOCICLETA,Moto
HARLEY DAVIDSON,XLH SPORTSTER 883,MOTOCICLETA,Moto
HERO,DASH,MOTOCICLETA / MOTONETA / SCOOTER / SCOOTER,Moto
HERO,HERO 150,MOTOCICLETA,Moto
HERO,HUNK,MOTOCICLETA,Moto
HERO,HUNK 150,Motocicleta,Moto
HERO,HUNK 160R,Motocicleta,Moto
HERO,HUNK 190R,Motocicleta,Moto
HERO,HUNK 200,MOTOCICLETA,Moto
HERO,HUNK SPORTS,MOTOCICLETA,Moto
HERO,HUNK150 XTEC,MOTOCICLETA,Moto
HERO,IGNITOR,MOTOCICLETA / Motocicleta,Moto
HERO,IGNITOR I3S,MOTOCICLETA,Moto
HERO,XPULSE 200T,MOTOCICLETA,Moto
HONDA,301CBR600F3,MOTOCICLETA,Moto
HONDA,AFRICA TWIN,MOTOCICLETA,Moto
HONDA,BIZ 125,MOTOCICLETA,Moto
HONDA,BIZ 125 ES,MOTOCICLETA,Moto
HONDA,BIZ 125 FI,MOTOCICLETA,Moto
HONDA,BIZ 125 GP,MOTOCICLETA,Moto
HONDA,BIZ 125 KS,MOTOCICLETA,Moto
HONDA,BIZ 125 KSST,MOTOCICLETA,Moto
HONDA,C100 BIZ,MOTOCICLETA,Moto
HONDA,C100 BIZ ES,MOTOCICLETA,Moto
HONDA,C100P,MOTOCICLETA,Moto
HONDA,C105 BIZ,MOTOCICLETA,Moto
HONDA,C105 BIZ ES,MOTOCICLETA,Moto
HONDA,C105 BIZ KS,MOTOCICLETA,Moto
HONDA,C70 POINT,MOTOCICLETA,Moto
HONDA,CB 125,MOTOCICLETA,Moto
HONDA,CB 125T,MOTOCICLETA,Moto
HONDA,CB 190 R,MOTOCICLETA,Moto
HONDA,CB 190 R REPSOL,MOTOCICLETA,Moto
HONDA,CB 190R 2.0,MOTOCICLETA,Moto
HONDA,CB 250 TWISTER,MOTOCICLETA,Moto
HONDA,CB 300 R,MOTOCICLETA,Moto
HONDA,CB 400,MOTOCICLETA,Moto
HONDA,CB TWISTER,MOTOCICLETA,Moto
HONDA,CB1,MOTOCICLETA,Moto
HONDA,CB1 TUF,MOTOCICLETA,Moto
HONDA,CB1000 R,MOTOCICLETA,Moto
HONDA,CB125F TWISTER,MOTOCICLETA,Moto
HONDA,CB300F TWISTER,MOTOCICLETA,Moto
HONDA,CB350 HNESS,MOTOCICLETA,Moto
HONDA,CB500 HORNET,MOTOCICLETA,Moto
HONDA,CB500F,MOTOCICLETA,Moto
HONDA,CB500X,MOTOCICLETA,Moto
HONDA,CB600F,MOTOCICLETA,Moto
HONDA,CB750A,MOTOCICLETA,Moto
HONDA,CB919,MOTOCICLETA,Moto
HONDA,CBR 1000,MOTOCICLETA,Moto
HONDA,CBR 1000 FM,MOTOCICLETA,Moto
HONDA,CBR 1000 SP,MOTOCICLETA,Moto
HONDA,CBR 1000F,MOTOCICLETA,Moto
HONDA,CBR 1000RR,MOTOCICLETA,Moto
HONDA,CBR 600,MOTOCICLETA,Moto
HONDA,CBR 600 F,MOTOCICLETA,Moto
HONDA,CBR 600 F2L,MOTOCICLETA,Moto
HONDA,CBR 600 F3T,MOTOCICLETA,Moto
HONDA,CBR 600 F4X,MOTOCICLETA,Moto
HONDA,CBR 600 FN,MOTOCICLETA,Moto
HONDA,CBR 600 FR,MOTOCICLETA,Moto
HONDA,CBR 600 FS,MOTOCICLETA,Moto
HONDA,CBR 600F HURRICANE,MOTOCICLETA,Moto
HONDA,CBR 600F3L,MOTOCICLETA,Moto
HONDA,CBR 900 R,MOTOCICLETA,Moto
HONDA,CBR 900 RRS,MOTOCICLETA,Moto
HONDA,CBR1000RR RACING,MOTOCICLETA,Moto
HONDA,CBR1100,MOTOCICLETA,Moto
HONDA,CBR1100X,MOTOCICLETA,Moto
HONDA,CBR1100XV,MOTOCICLETA,Moto
HONDA,CBR1100XX,MOTOCICLETA,Moto
HONDA,CBR300RA,MOTOCICLETA,Moto
HONDA,CBR600 F3T,MOTOCICLETA,Moto
HONDA,CBR600 FP,MOTOCICLETA,Moto
HONDA,CBR600 RR,MOTOCICLETA,Moto
HONDA,CBR600 SE,MOTOCICLETA,Moto
HONDA,CBR600F2,MOTOCICLETA,Moto
HONDA,CBR600F3,MOTOCICLETA,Moto
HONDA,CBR600F4,MOTOCICLETA,Moto
HONDA,CBR600FV,MOTOCICLETA,Moto
HONDA,CBR600FV-ED,MOTOCICLETA,Moto
HONDA,CBR600RR RACING,MOTOCICLETA,Moto
HONDA,CBR600RR3,MOTOCICLETA,Moto
HONDA,CBR650F,MOTOCICLETA,Moto
HONDA,CBR900,MOTOCICLETA,Moto
HONDA,CBR900 RRP,MOTOCICLETA,Moto
HONDA,CBR900 RS,MOTOCICLETA,Moto
HONDA,CBR900RE,MOTOCICLETA,Moto
HONDA,CBR900RR,MOTOCICLETA,Moto
HONDA,CBR900RRL,MOTOCICLETA,Moto
HONDA,CBR900RRV,MOTOCICLETA,Moto
HONDA,CBR900RRW-ED,MOTOCICLETA,Moto
HONDA,CBR929RR,MOTOCICLETA,Moto
HONDA,CBR954RR,MOTOCICLETA,Moto
HONDA,CBX250,MOTOCICLETA,Moto
HONDA,CG 125 CARGO,MOTOCICLETA,Moto
HONDA,CG 150 ESD TITAN,MOTOCICLETA,Moto
HONDA,CG 150 TITAN,MOTOCICLETA,Moto
HONDA,CG-125 TODAY,MOTOCICLETA,Moto
HONDA,CG125,MOTOCICLETA,Moto
HONDA,CG125 ES,MOTOCICLETA,Moto
HONDA,CG125 FAN,MOTOCICLETA,Moto
HONDA,CG125 KS,MOTOCICLETA,Moto
HONDA,CG125 TITAN,MOTOCICLETA,Moto
HONDA,CG125 TITAN ES,MOTOCICLETA,Moto
HONDA,CG125 TITAN KS,MOTOCICLETA,Moto
HONDA,CG150 TITAN,MOTOCICLETA,Moto
HONDA,CG150 TITAN ESD,MOTOCICLETA,Moto
HONDA,CG150 TITAN KS,MOTOCICLETA,Moto
HONDA,CG150ESD,MOTOCICLETA,Moto
HONDA,CG150KS,MOTOCICLETA,Moto
HONDA,CGL125,MOTOCICLETA,Moto
HONDA,CH 125 ELITE,SCOOTER,Moto
HONDA,CR 125,MOTOCICLETA,Moto
HONDA,CR 125 RS,MOTOCICLETA,Moto
HONDA,CR 125 RT,MOTOCICLETA,Moto
HONDA,CR 250,MOTOCICLETA,Moto
HONDA,CR 250 R,MOTOCICLETA,Moto
HONDA,CR 250 RR,MOTOCICLETA,Moto
HONDA,CR 250 RS,MOTOCICLETA,Moto
HONDA,CR 250 RT,MOTOCICLETA,Moto
HONDA,CR-125 RS,MOTOCICLETA,Moto
HONDA,CR-250 RS,MOTOCICLETA,Moto
HONDA,CR125 RN,MOTOCICLETA,Moto
HONDA,CR125 RP,MOTOCICLETA,Moto
HONDA,CR125R,MOTOCICLETA,Moto
HONDA,CR125RM,MOTOCICLETA,Moto
HONDA,CR125RT,MOTOCICLETA,Moto
HONDA,CR250R,MOTOCICLETA,Moto
HONDA,CR250RP,MOTOCICLETA,Moto
HONDA,CR250RT,MOTOCICLETA,Moto
HONDA,CR250RV,MOTOCICLETA,Moto
HONDA,CR500,MOTOCICLETA,Moto
HONDA,CR500R,MOTOCICLETA,Moto
HONDA,CR500RM,MOTOCICLETA,Moto
HONDA,CR80R,MOTOCICLETA,Moto
HONDA,CR80RB,MOTOCICLETA,Moto
HONDA,CR80RP,CICLOMOTOR,Moto
HONDA,CR80RR,MOTOCICLETA,Moto
HONDA,CR80RS,MOTOCICLETA,Moto
HONDA,CR80RT,MOTOCICLETA,Moto
HONDA,CR80S,MOTOCICLETA,Moto
HONDA,CR85R,MOTOCICLETA,Moto
HONDA,CRF 1000 AG AFRICA TWIN,MOTOCICLETA,Moto
HONDA,CRF 1000 L,MOTOCICLETA,Moto
HONDA,CRF 1100A2L AFRICA TWIN,MOTOCICLETA,Moto
HONDA,CRF 1100AL AFRICA TWIN,MOTOCICLETA,Moto
HONDA,CRF 1100D2L AFRICA TWIN,MOTOCICLETA,Moto
HONDA,CRF 1100DL AFRICA TWIN,MOTOCICLETA,Moto
HONDA,CRF 150F,MOTOCICLETA,Moto
HONDA,CRF 230F,MOTOCICLETA,Moto
HONDA,CRF 250R,MOTOCICLETA,Moto
HONDA,CRF 250X,MOTOCICLETA,Moto
HONDA,CRF 450R,MOTOCICLETA,Moto
HONDA,CRF1000L,MOTOCICLETA,Moto
HONDA,CRF1000L AFRICA TWIN,MOTOCICLETA,Moto
HONDA,CRF1000L MT,MOTOCICLETA,Moto
HONDA,CRF100F,MOTOCICLETA,Moto
HONDA,CRF1100A AFRICA TWIN,MOTOCICLETA,Moto
HONDA,CRF1100A4 AFRICA TWIN,MOTOCICLETA,Moto
HONDA,CRF1100D AFRICA TWIN,MOTOCICLETA,Moto
HONDA,CRF1100D4 AFRICA TWIN,MOTOCICLETA,Moto
HONDA,CRF150R,MOTOCICLETA,Moto
HONDA,CRF250L,MOTOCICLETA,Moto
HONDA,CRF250RX,MOTOCICLETA,Moto
HONDA,CRF450X,MOTOCICLETA,Moto
HONDA,CRF50F,MOTOCICLETA,Moto
HONDA,CRF50FE,MOTOCICLETA,Moto
HONDA,CRF50FG,MOTOCICLETA,Moto
HONDA,CRF70F,MOTOCICLETA,Moto
HONDA,CRF80F,MOTOCICLETA,Moto
HONDA,ELITE,MOTONETA / SCOOTER,Moto
HONDA,ELITE 125,SCOOTER,Moto
HONDA,FALCON 400,MOTOCICLETA,Moto
HONDA,GLH 150,MOTOCICLETA,Moto
HONDA,GLH150,MOTOCICLETA,Moto
HONDA,HURRICANE CBR1000,MOTOCICLETA,Moto
HONDA,INVICTA,MOTOCICLETA,Moto
HONDA,LEAD,SCOOTER / SIN ESPECIFICACION,Moto
HONDA,LEAD 50,MOTOCICLETA / SCOOTER / SIN ESPECIFICACION,Moto
HONDA,LEAD 50R,SCOOTER,Moto
HONDA,LEAD ER50,MOTOCICLETA / SIN ESPECIFICACION,Moto
HONDA,NAVI,MOTOCICLETA,Moto
HONDA,NC700X,MOTOCICLETA,Moto
HONDA,NC750 XA,MOTOCICLETA,Moto
HONDA,NC750X,MOTOCICLETA,Moto
HONDA,NC750XA,MOTOCICLETA,Moto
HONDA,NC750XD,MOTOCICLETA,Moto
HONDA,NEW ELITE,MOTONETA / SCOOTER / SCOOTER,Moto
HONDA,NF 100 WAVE,MOTOCICLETA,Moto
HONDA,NF100 WAVE,MOTOCICLETA,Moto
HONDA,NF100 WAVE CAST DRUM,MOTOCICLETA,Moto
HONDA,NF100 WAVE CD,MOTOCICLETA,Moto
HONDA,NF100 WAVE CDB,MOTOCICLETA,Moto
HONDA,NF100 WAVE SD,MOTOCICLETA,Moto
HONDA,NF100 WAVE SPOKE DRUM,MOTOCICLETA,Moto
HONDA,NT700VA,MOTOCICLETA,Moto
HONDA,NX 190,MOTOCICLETA,Moto
HONDA,NX4,MOTOCICLETA,Moto
HONDA,NX4 FALCON,MOTOCICLETA,Moto
HONDA,NX400,MOTOCICLETA,Moto
HONDA,NX500,MOTOCICLETA,Moto
HONDA,NXR125,MOTOCICLETA,Moto
HONDA,PAN EUROPEAN ST 1300,MOTOCICLETA,Moto
HONDA,PCX 150,MOTOCICLETA / SCOOTER,Moto
HONDA,PCX 150 DLX,SCOOTER,Moto
HONDA,PCX 160,SCOOTER,Moto
HONDA,POP100,MOTOCICLETA,Moto
HONDA,SDH 125 46 STORM,MOTOCICLETA,Moto
HONDA,SDH125 46 STORM CDB,MOTOCICLETA,Moto
HONDA,SDH125-46 STORM,MOTOCICLETA,Moto
HONDA,SDH125T 22,SCOOTER,Moto
HONDA,SHADOW,MOTOCICLETA,Moto
HONDA,SHADOW 750,MOTOCICLETA,Moto
HONDA,SHADOW SPIRIT,MOTOCICLETA,Moto
HONDA,ST1300,MOTOCICLETA,Moto
HONDA,STORM,MOTOCICLETA,Moto
HONDA,TRANSA LP XL600VK,MOTOCICLETA,Moto
HONDA,TRANSALP,MOTOCICLETA,Moto
HONDA,TRANSALP 600V,MOTOCICLETA,Moto
HONDA,V MEN SDH 125 42,MOTOCICLETA,Moto
HONDA,VARADERO,MOTOCICLETA,Moto
HONDA,VFR800X,MOTOCICLETA,Moto
HONDA,VLX STEED 400,MOTOCICLETA,Moto
HONDA,VT 750C,MOTOCICLETA,Moto
HONDA,VT1100 SHADOW SPIRIT,MOTOCICLETA,Moto
HONDA,VT1100C SHADOW SPIRIT,MOTOCICLETA,Moto
HONDA,VT500,MOTOCICLETA,Moto
HONDA,VT750,MOTOCICLETA,Moto
HONDA,VT750 CA SHADOW,MOTOCICLETA,Moto
HONDA,VT750 SHADOW,MOTOCICLETA,Moto
HONDA,VT750 SHADOW SPIRIT,MOTOCICLETA,Moto
HONDA,VT750C2,MOTOCICLETA,Moto
HONDA,VT750C2W-ED,MOTOCICLETA,Moto
HONDA,VT750CD2,MOTOCICLETA,Moto
HONDA,VT750CDA SHADOW ACE,MOTOCICLETA,Moto
HONDA,VT750CDB SHADOW ACE,MOTOCICLETA,Moto
HONDA,VT750CDC SHADOW ACE,MOTOCICLETA,Moto
HONDA,VT750DC SHADOW SPIRIT,MOTOCICLETA,Moto
HONDA,VT750DCB SHADOW,MOTOCICLETA,Moto
HONDA,VTX 1300 C,MOTOCICLETA,Moto
HONDA,VTX1300,MOTOCICLETA,Moto
HONDA,WAVE,MOTOCICLETA,Moto
HONDA,WAVE 110,MOTOCICLETA,Moto
HONDA,WAVE 110 S,MOTOCICLETA,Moto
HONDA,WAVE 110 S CD,MOTOCICLETA,Moto
HONDA,WAVE 110S,MOTOCICLETA,Moto
HONDA,WAVE 110S CD,MOTOCICLETA,Moto
HONDA,XL 750 TRANSALP,MOTOCICLETA,Moto
HONDA,XL1000V,MOTOCICLETA,Moto
HONDA,XL1000V VARADERO,MOTOCICLETA,Moto
HONDA,XL200,MOTOCICLETA,Moto
HONDA,XL200R,MOTOCICLETA,Moto
HONDA,XL650V,MOTOCICLETA,Moto
HONDA,XL650V TRANSALP,MOTOCICLETA,Moto
HONDA,XL700V,MOTOCICLETA,Moto
HONDA,XL700VA,MOTOCICLETA,Moto
HONDA,XL750 TRANSALP,MOTOCICLETA,Moto
HONDA,XL750 TRANSALP E-CLUTCH,MOTOCICLETA,Moto
HONDA,XLR 125,MOTOCICLETA,Moto
HONDA,XR 125L,MOTOCICLETA,Moto
HONDA,XR 150 L,MOTOCICLETA,Moto
HONDA,XR 190 L,MOTOCICLETA,Moto
HONDA,XR 190L,MOTOCICLETA,Moto
HONDA,XR 250,MOTOCICLETA,Moto
HONDA,XR 250 BAJA,MOTOCICLETA,Moto
HONDA,XR 250 LS,MOTOCICLETA,Moto
HONDA,XR 250 RL,MOTOCICLETA,Moto
HONDA,XR 250 RM,MOTOCICLETA,Moto
HONDA,XR 250 RS-DK,MOTOCICLETA,Moto
HONDA,XR 250 RT,MOTOCICLETA,Moto
HONDA,XR 250 RT-DK,MOTOCICLETA,Moto
HONDA,XR 250 TORNADO,MOTOCICLETA,Moto
HONDA,XR RALLY,MOTOCICLETA,Moto
HONDA,XR125L,MOTOCICLETA,Moto
HONDA,XR250,MOTOCICLETA,Moto
HONDA,XR250 LLP,MOTOCICLETA,Moto
HONDA,XR250 LN,MOTOCICLETA,Moto
HONDA,XR250 LP,MOTOCICLETA,Moto
HONDA,XR250 RN,MOTOCICLETA,Moto
HONDA,XR250 RP,MOTOCICLETA,Moto
HONDA,XR250 RR-DK,MOTOCICLETA,Moto
HONDA,XR250 RS,MOTOCICLETA,Moto
HONDA,XR250 TORNADO,MOTOCICLETA,Moto
HONDA,XR250L,MOTOCICLETA,Moto
HONDA,XR250LR,MOTOCICLETA,Moto
HONDA,XR250R,MOTOCICLETA,Moto
HONDA,XR250RR,MOTOCICLETA,Moto
HONDA,XR250RT,MOTOCICLETA,Moto
HONDA,XR250RV,MOTOCICLETA,Moto
HONDA,XR300L TORNADO,MOTOCICLETA,Moto
HONDA,XR300L TORNADO SE,MOTOCICLETA,Moto
HONDA,XR400R,MOTOCICLETA,Moto
HONDA,XR650L,MOTOCICLETA,Moto
HONDA,XRE 300 RALLY,MOTOCICLETA,Moto
HONDA,XRE300,MOTOCICLETA,Moto
HONDA,XRE300 RALLY,MOTOCICLETA,Moto
HONDA,XRV750,MOTOCICLETA,Moto
HONDA,XRV750 AFRICA TWIN,MOTOCICLETA,Moto
HONDA,XRV750V,MOTOCICLETA,Moto
HONDA,XRV750V-ED,MOTOCICLETA,Moto
HUSQVARNA,701 ENDURO,MOTOCICLETA,Moto
HUSQVARNA,701 SUPERMOTO,MOTOCICLETA,Moto
HUSQVARNA,FC 350,MOTOCICLETA,Moto
HUSQVARNA,FC 450,MOTOCICLETA,Moto
HUSQVARNA,FC250,MOTOCICLETA,Moto
HUSQVARNA,FE 250,MOTOCICLETA,Moto
HUSQVARNA,FE 350,MOTOCICLETA,Moto
HUSQVARNA,FE 501,MOTOCICLETA,Moto
HUSQVARNA,FX 350,MOTOCICLETA,Moto
HUSQVARNA,HQV TE 300I,MOTOCICLETA,Moto
HUSQVARNA,NORDEN 901,MOTOCICLETA,Moto
HUSQVARNA,SVARTPILEN 200,MOTOCICLETA,Moto
HUSQVARNA,SVARTPILEN 250,MOTOCICLETA,Moto
HUSQVARNA,SVARTPILEN 401,MOTOCICLETA,Moto
HUSQVARNA,SVARTPILEN 401 G3,MOTOCICLETA,Moto
HUSQVARNA,SVARTPILEN 701,MOTOCICLETA,Moto
HUSQVARNA,SVARTPILEN 801,MOTOCICLETA,Moto
HUSQVARNA,TC 125,MOTOCICLETA,Moto
HUSQVARNA,TC 85,MOTOCICLETA,Moto
HUSQVARNA,TE 150,MOTOCICLETA,Moto
HUSQVARNA,TE 150 I,MOTOCICLETA,Moto
HUSQVARNA,TE 250I,MOTOCICLETA,Moto
HUSQVARNA,TE 300,MOTOCICLETA,Moto
HUSQVARNA,TE 300I,MOTOCICLETA,Moto
HUSQVARNA,TE250,MOTOCICLETA,Moto
HUSQVARNA,TX 125,MOTOCICLETA,Moto
HUSQVARNA,TX 300,MOTOCICLETA,Moto
HUSQVARNA,TXC250R,MOTOCICLETA,Moto
HUSQVARNA,VITPILEN 401,MOTOCICLETA,Moto
HUSQVARNA,VITPILEN 701,MOTOCICLETA,Moto
HUSQVARNA,VITPLEN 701,MOTOCICLETA,Moto
IKA,IKA P110,MOTOCICLETA,Moto
IKA,IKA S150,MOTOCICLETA,Moto
IKA,IKA S150.,MOTOCICLETA,Moto
IKA,IKA X150,MOTOCICLETA,Moto
IKA,SLALOM P110,MOTOCICLETA,Moto
IKA,X150,MOTOCICLETA,Moto
IMSA,EVO X,MOTOCICLETA,Moto
IMSA,IM 110 TRACK EVO,MOTOCICLETA,Moto
IMSA,IM 110T TRACK,MOTOCICLETA,Moto
IMSA,IM 125 ROAD X,MOTOCICLETA,Moto
IMSA,IM 125 ROADX,MOTOCICLETA,Moto
IMSA,IM 125 T,MOTOCICLETA,Moto
IMSA,IM 125R.4 ROAD,MOTOCICLETA,Moto
IMSA,IM 150 ROAD X,MOTOCICLETA,Moto
IMSA,IM110 E EVO,MOTOCICLETA,Moto
IMSA,IM110E,MOTOCICLETA,Moto
IMSA,IM110T TRACK,MOTOCICLETA,Moto
IMSA,IM125 R.4,MOTOCICLETA,Moto
IMSA,IM125R.4 ROAD,MOTOCICLETA,Moto
IMSA,IM125T,MOTOCICLETA,Moto
IMSA,IM125T TROPHY,MOTOCICLETA,Moto
IMSA,IM150 ROADX,MOTOCICLETA,Moto
IMSA,ROAD 100,MOTOCICLETA,Moto
INDIAN,CHIEF DARK HORSE,MOTOCICLETA,Moto
INDIAN,CHIEF VINTAGE,MOTOCICLETA,Moto
INDIAN,FTR 1200 RALLY,MOTOCICLETA,Moto
INDIAN,FTR 1200 S CARBON,MOTOCICLETA,Moto
INDIAN,FTR 1200 S RR,MOTOCICLETA,Moto
INDIAN,FTR1200,MOTOCICLETA,Moto
INDIAN,FTR1200S,MOTOCICLETA,Moto
INDIAN,ROADMASTER,MOTOCICLETA,Moto
INDIAN,SCOUT,MOTOCICLETA,Moto
INDIAN,SCOUT BOBBER,MOTOCICLETA,Moto
INDIAN,SCOUT BOBBER SIXTY,MOTOCICLETA,Moto
INDIAN,SCOUT BOBBER TWENTY,MOTOCICLETA,Moto
INDIAN,SCOUT SIXTY,MOTOCICLETA,Moto
ITALJET,DRAGSTER 200 ABS,SCOOTER,Moto
JAWA,CZ 200,MOTOCICLETA,Moto
JAWA,DAYTONA 350,MOTOCICLETA,Moto
JAWA,DD 300 E,MOTOCICLETA,Moto
JAWA,JAWA 350,MOTOCICLETA,Moto
JAWA,RVM 600,MOTOCICLETA,Moto
JAWA,SPYDER 350,MOTOCICLETA,Moto
JAWA,SUPERNOVA 150,MOTOCICLETA,Moto
JAWA,TEKKEN,MOTOCICLETA,Moto
JIANSHE,JS 125,MOTOCICLETA,Moto
JIANSHE,JS 125-3,MOTOCICLETA,Moto
JIANSHE,JS 125-6B,MOTOCICLETA,Moto
JIANSHE,JS 125-7F,MOTOCICLETA,Moto
JIANSHE,JS110-3,MOTOCICLETA,Moto
JIANSHE,JS110-3H,MOTOCICLETA,Moto
JIANSHE,JS110-C,MOTOCICLETA,Moto
JIANSHE,JS125,MOTOCICLETA,Moto
JIANSHE,JS125-3,MOTOCICLETA,Moto
JIANSHE,JS125-5B,MOTOCICLETA,Moto
JIANSHE,JS125-6B,MOTOCICLETA,Moto
JIANSHE,JS125-7,MOTOCICLETA,Moto
JIANSHE,JS125F,MOTOCICLETA,Moto
JIANSHE,JS150-3,MOTOCICLETA,Moto
JIANSHE,JS250ATV-5,CUATRICICLO / MOTOCICLETA,Moto
JINCHENG,JC 110-19,MOTOCICLETA,Moto
JINCHENG,JC 125-17B,MOTOCICLETA,Moto
JINCHENG,JC110-9,MOTOCICLETA,Moto
JINCHENG,JC125-12,MOTOCICLETA,Moto
JINCHENG,JC125-17B,MOTOCICLETA,Moto
JINCHENG,JC250-6,MOTOCICLETA,Moto
JMSTAR,ALPINA 110,MOTOCICLETA,Moto
JMSTAR,NEVADA 110,MOTOCICLETA,Moto
KAWASAKI,CONCOURS 14,MOTOCICLETA,Moto
KAWASAKI,ELIMINATOR SPORT EDITIO,MOTOCICLETA,Moto
KAWASAKI,EN 500 A 7 I,MOTOCICLETA,Moto
KAWASAKI,EN 500 A2,MOTOCICLETA,Moto
KAWASAKI,EN 500 A4,MOTOCICLETA,Moto
KAWASAKI,EN500,MOTOCICLETA,Moto
KAWASAKI,EN500 A6,MOTOCICLETA,Moto
KAWASAKI,EN500 VULCAN,MOTOCICLETA,Moto
KAWASAKI,EN500-A5,MOTOCICLETA,Moto
KAWASAKI,EN500-A6L,MOTOCICLETA,Moto
KAWASAKI,EN500-BI,MOTOCICLETA,Moto
KAWASAKI,EN500-C,MOTOCICLETA,Moto
KAWASAKI,EN500-C1,MOTOCICLETA,Moto
KAWASAKI,EN500-C2,MOTOCICLETA,Moto
KAWASAKI,EN500A7,MOTOCICLETA,Moto
KAWASAKI,EN500B2,MOTOCICLETA,Moto
KAWASAKI,ER-6N,MOTOCICLETA,Moto
KAWASAKI,EX 250 F,MOTOCICLETA,Moto
KAWASAKI,"EX 250-F3,L",MOTOCICLETA,Moto
KAWASAKI,EX 250-H3,MOTOCICLETA,Moto
KAWASAKI,EX250,MOTOCICLETA,Moto
KAWASAKI,EX250 F4 NINJA R,MOTOCICLETA,Moto
KAWASAKI,EX250 H,MOTOCICLETA,Moto
KAWASAKI,EX250-F,MOTOCICLETA,Moto
KAWASAKI,EX250-F10,MOTOCICLETA,Moto
KAWASAKI,EX250-F12,MOTOCICLETA,Moto
KAWASAKI,EX250-F6,MOTOCICLETA,Moto
KAWASAKI,EX250-F8,MOTOCICLETA,Moto
KAWASAKI,EX250-F8L,MOTOCICLETA,Moto
KAWASAKI,EX250-F9L,MOTOCICLETA,Moto
KAWASAKI,EX250-II3,MOTOCICLETA,Moto
KAWASAKI,EX250F9,MOTOCICLETA,Moto
KAWASAKI,KE100-B11,MOTOCICLETA,Moto
KAWASAKI,KLE500,MOTOCICLETA,Moto
KAWASAKI,KLE650 VERSYS,MOTOCICLETA,Moto
KAWASAKI,KLR 650,MOTOCICLETA,Moto
KAWASAKI,KLX 250 S,MOTOCICLETA,Moto
KAWASAKI,KLX 300,MOTOCICLETA,Moto
KAWASAKI,KLX 300R,MOTOCICLETA,Moto
KAWASAKI,KLX 650,MOTOCICLETA,Moto
KAWASAKI,KLX110,MOTOCICLETA,Moto
KAWASAKI,KLX250,MOTOCICLETA,Moto
KAWASAKI,KLX250-D1,MOTOCICLETA,Moto
KAWASAKI,KLX250-D4,MOTOCICLETA,Moto
KAWASAKI,KLX250-E1,MOTOCICLETA,Moto
KAWASAKI,KLX250SF,MOTOCICLETA,Moto
KAWASAKI,KLX450A8F,MOTOCICLETA,Moto
KAWASAKI,KLX450R,MOTOCICLETA,Moto
KAWASAKI,KX 250,MOTOCICLETA,Moto
KAWASAKI,KX 450,MOTOCICLETA,Moto
KAWASAKI,KX250,MOTOCICLETA,Moto
KAWASAKI,KX250 K2,MOTOCICLETA,Moto
KAWASAKI,KX250-K1,MOTOCICLETA,Moto
KAWASAKI,KX250-K3,MOTOCICLETA,Moto
KAWASAKI,KX250-N2,MOTOCICLETA,Moto
KAWASAKI,KX250F,MOTOCICLETA,Moto
KAWASAKI,KX250L,MOTOCICLETA,Moto
KAWASAKI,KX250W9F,MOTOCICLETA,Moto
KAWASAKI,KX450F,MOTOCICLETA,Moto
KAWASAKI,KX80-W,MOTOCICLETA,Moto
KAWASAKI,KX85,MOTOCICLETA,Moto
KAWASAKI,LTD454,MOTOCICLETA,Moto
KAWASAKI,NINJA,MOTOCICLETA,Moto
KAWASAKI,NINJA 1000,MOTOCICLETA,Moto
KAWASAKI,NINJA 1000 ABS,MOTOCICLETA,Moto
KAWASAKI,NINJA 1000 SX,MOTOCICLETA,Moto
KAWASAKI,NINJA 1100 SX,MOTOCICLETA,Moto
KAWASAKI,NINJA 1100 SX SE,MOTOCICLETA,Moto
KAWASAKI,NINJA 250,MOTOCICLETA,Moto
KAWASAKI,NINJA 400 ABS,MOTOCICLETA,Moto
KAWASAKI,NINJA 500,MOTOCICLETA,Moto
KAWASAKI,NINJA 500 SE,MOTOCICLETA,Moto
KAWASAKI,NINJA 600,MOTOCICLETA,Moto
KAWASAKI,NINJA 650 ABS,MOTOCICLETA,Moto
KAWASAKI,NINJA 650R,MOTOCICLETA,Moto
KAWASAKI,NINJA EX 250 F4,MOTOCICLETA,Moto
KAWASAKI,NINJA H2,MOTOCICLETA,Moto
KAWASAKI,NINJA H2 SX SE,MOTOCICLETA,Moto
KAWASAKI,NINJA ZX - 10R ABS,MOTOCICLETA,Moto
KAWASAKI,NINJA ZX - 14R ABS,MOTOCICLETA,Moto
KAWASAKI,NINJA ZX-10R,MOTOCICLETA,Moto
KAWASAKI,NINJA ZX-12R,MOTOCICLETA,Moto
KAWASAKI,NINJA ZX-14,MOTOCICLETA,Moto
KAWASAKI,NINJA ZX-4RR,MOTOCICLETA,Moto
KAWASAKI,NINJA ZX-6R,MOTOCICLETA,Moto
KAWASAKI,NINJA ZX6,MOTOCICLETA,Moto
KAWASAKI,NINJA ZX600G,MOTOCICLETA,Moto
KAWASAKI,NINJA ZX636,MOTOCICLETA,Moto
KAWASAKI,NINJA ZX6R ABS,MOTOCICLETA,Moto
KAWASAKI,VERSYS,MOTOCICLETA,Moto
KAWASAKI,VERSYS 1000,MOTOCICLETA,Moto
KAWASAKI,VERSYS 1000 ABS,MOTOCICLETA,Moto
KAWASAKI,VERSYS 1000 SE,MOTOCICLETA,Moto
KAWASAKI,VERSYS 650 ABS,MOTOCICLETA,Moto
KAWASAKI,VERSYS X 300 ABS,MOTOCICLETA,Moto
KAWASAKI,VERSYS-X 300 ABS,MOTOCICLETA,Moto
KAWASAKI,VN 900 VULCAN,MOTOCICLETA,Moto
KAWASAKI,VN2000,MOTOCICLETA,Moto
KAWASAKI,VN2000-A,MOTOCICLETA,Moto
KAWASAKI,VN900,MOTOCICLETA,Moto
KAWASAKI,VULCAN 500,MOTOCICLETA,Moto
KAWASAKI,VULCAN 900,MOTOCICLETA,Moto
KAWASAKI,VULCAN 900 CUSTOM,MOTOCICLETA,Moto
KAWASAKI,VULCAN S,MOTOCICLETA,Moto
KAWASAKI,VULCAN S ABS,MOTOCICLETA,Moto
KAWASAKI,W 800,MOTOCICLETA,Moto
KAWASAKI,Z 400 ABS,MOTOCICLETA,Moto
KAWASAKI,Z 500,MOTOCICLETA,Moto
KAWASAKI,Z 500 SE,MOTOCICLETA,Moto
KAWASAKI,Z 650 ABS,MOTOCICLETA,Moto
KAWASAKI,Z 750,MOTOCICLETA,Moto
KAWASAKI,Z 900 ABS,MOTOCICLETA,Moto
KAWASAKI,Z 900RS ABS,MOTOCICLETA,Moto
KAWASAKI,Z 900RS CAFE ABS,MOTOCICLETA,Moto
KAWASAKI,Z1000,MOTOCICLETA,Moto
KAWASAKI,Z1000 ABS,MOTOCICLETA,Moto
KAWASAKI,Z650 ABS,MOTOCICLETA,Moto
KAWASAKI,Z800,MOTOCICLETA,Moto
KAWASAKI,Z900 ABS,MOTOCICLETA,Moto
KAWASAKI,Z900RS,MOTOCICLETA,Moto
KAWASAKI,ZR 750-C3,MOTOCICLETA,Moto
KAWASAKI,ZR1100 C2,MOTOCICLETA,Moto
KAWASAKI,ZR750-C3,MOTOCICLETA,Moto
KAWASAKI,ZX 1200A,MOTOCICLETA,Moto
KAWASAKI,ZX 6,MOTOCICLETA,Moto
KAWASAKI,ZX 600,MOTOCICLETA,Moto
KAWASAKI,ZX 600 CZ L NINJA,MOTOCICLETA,Moto
KAWASAKI,ZX 600 J,MOTOCICLETA,Moto
KAWASAKI,ZX 600-C3,MOTOCICLETA,Moto
KAWASAKI,ZX 600-C4,MOTOCICLETA,Moto
KAWASAKI,ZX 600-D3 (ZZ-R600),MOTOCICLETA,Moto
KAWASAKI,ZX 600-D3L,MOTOCICLETA,Moto
KAWASAKI,ZX-10R,MOTOCICLETA,Moto
KAWASAKI,ZX-6R,MOTOCICLETA,Moto
KAWASAKI,ZX10,MOTOCICLETA,Moto
KAWASAKI,ZX1000,MOTOCICLETA,Moto
KAWASAKI,ZX1000-C,MOTOCICLETA,Moto
KAWASAKI,ZX1200-B,MOTOCICLETA,Moto
KAWASAKI,ZX14,MOTOCICLETA,Moto
KAWASAKI,ZX14 CONCOURS,MOTOCICLETA,Moto
KAWASAKI,ZX6 NINJA,MOTOCICLETA,Moto
KAWASAKI,ZX600 CH,MOTOCICLETA,Moto
KAWASAKI,ZX600 DZ,MOTOCICLETA,Moto
KAWASAKI,ZX600 E2,MOTOCICLETA,Moto
KAWASAKI,ZX600-C5,MOTOCICLETA / SIN ESPECIFICACION,Moto
KAWASAKI,ZX600-D2,MOTOCICLETA,Moto
KAWASAKI,ZX600-E3,MOTOCICLETA,Moto
KAWASAKI,ZX600-E4,MOTOCICLETA,Moto
KAWASAKI,ZX600-F,MOTOCICLETA,Moto
KAWASAKI,ZX600-F1,MOTOCICLETA,Moto
KAWASAKI,ZX600-F2,MOTOCICLETA,Moto
KAWASAKI,ZX600-F3,MOTOCICLETA,Moto
KAWASAKI,ZX600-F3L,MOTOCICLETA,Moto
KAWASAKI,ZX600-G,MOTOCICLETA,Moto
KAWASAKI,ZX600R,MOTOCICLETA,Moto
KAWASAKI,ZX636-B,MOTOCICLETA,Moto
KAWASAKI,ZX636C NINJA,MOTOCICLETA,Moto
KAYO,K6-R,MOTOCICLETA,Moto
KAYO,K6-R ENDURO,MOTOCICLETA,Moto
KEEWAY,KLIGHT 202,MOTOCICLETA,Moto
KEEWAY,RK,MOTOCICLETA,Moto
KEEWAY,RK 150,MOTOCICLETA,Moto
KEEWAY,TARGET,MOTOCICLETA,Moto
KEEWAY,TX 200,MOTOCICLETA,Moto
KEEWAY,V302C,MOTOCICLETA,Moto
KELLER,CONQUISTA 150,SCOOTER,Moto
KELLER,JET MAX 250,SCOOTER,Moto
KELLER,K65,MOTOCICLETA,Moto
KELLER,K65-MT,MOTOCICLETA,Moto
KELLER,K65-TR,MOTOCICLETA,Moto
KELLER,KN-150-13,MOTOCICLETA,Moto
KELLER,KN110-10,MOTOCICLETA,Moto
KELLER,KN110-7,MOTOCICLETA,Moto
KELLER,KN110-8,MOTOCICLETA / SCOOTER,Moto
KELLER,KN110-9,MOTOCICLETA,Moto
KELLER,KN125,MOTOCICLETA,Moto
KELLER,KN125-11,MOTOCICLETA / SCOOTER,Moto
KELLER,KN125-12,MOTOCICLETA,Moto
KELLER,KN150-13,MOTOCICLETA,Moto
KELLER,KN150-3,MOTOCICLETA,Moto
KELLER,KN150GY,MOTOCICLETA,Moto
KELLER,KN200GY,MOTOCICLETA,Moto
KELLER,KN200R,MOTOCICLETA,Moto
KELLER,KN250-3,MOTOCICLETA / SIN ESPECIFICACION,Moto
KELLER,KN250GY,MOTOCICLETA,Moto
KELLER,KN260GY,MOTOCICLETA,Moto
KELLER,KR150S,MOTOCICLETA,Moto
KELLER,KR200GY,MOTOCICLETA,Moto
KELLER,KR260,MOTOCICLETA,Moto
KELLER,KR260 A,MOTOCICLETA,Moto
KELLER,KR260A/,MOTOCICLETA,Moto
KELLER,KR260GY,MOTOCICLETA,Moto
KELLER,STRATUS 260,MOTOCICLETA,Moto
KELLER,XTREME 150,SCOOTER,Moto
KELLER,YB 150 T-150,MOTONETA / SCOOTER,Moto
KELLER,YB 150 T-2,MOTONETA / SCOOTER,Moto
KELLER,YB150T,MOTONETA / SCOOTER,Moto
KELLER,YB150T EXOTIC,SCOOTER,Moto
KELLER,YB150T-10,SCOOTER,Moto
KELLER,YB150T-12 CHAMPIONS,SCOOTER,Moto
KELLER,YB150T-2,SCOOTER,Moto
KELLER,YB150T-5 EXOTIC,SCOOTER,Moto
KELLER,YB150T-5 TROPICAL,SCOOTER,Moto
KELLER,YB150T-7 MATRIX,SCOOTER,Moto
KELLER,YBR260 STRATUS,MOTOCICLETA,Moto
KIDEN,KD 150 V,MOTOCICLETA,Moto
KIDEN,KD 150 Z,MOTOCICLETA,Moto
KIDEN,KD 250 V,MOTOCICLETA,Moto
KIKAI,DK 110 CC,MOTOCICLETA,Moto
KIKAI,DK 110 CC CLASSIC,MOTOCICLETA,Moto
KIKAI,DK 110 CS,MOTOCICLETA,Moto
KIKAI,DK 150 AS,MOTOCICLETA,Moto
KIKAI,DK150 AS,MOTOCICLETA,Moto
KIKAI,DK250 AC,MOTOCICLETA,Moto
KONISA,CL 110-5,MOTOCICLETA,Moto
KONISA,CL 110-7,MOTOCICLETA,Moto
KONISA,CL125-15,MOTOCICLETA,Moto
KONISA,CL125-15 SPORTSMAN,MOTOCICLETA,Moto
KONISA,KE125-26,MOTOCICLETA,Moto
KONISA,KE125-28H,MOTOCICLETA,Moto
KONISA,KE200,MOTOCICLETA,Moto
KONISA,KE250,MOTOCICLETA,Moto
KONISA,LF125-J,MOTOCICLETA,Moto
KONISA,LX,MOTOCICLETA,Moto
KONISA,LX 150,MOTOCICLETA,Moto
KONISA,LX110-3A,MOTOCICLETA,Moto
KONISA,LX150-6A,MOTOCICLETA,Moto
KOVE,525X,MOTOCICLETA,Moto
KOVE,525X L,MOTOCICLETA,Moto
KOVE,800X,MOTOCICLETA,Moto
KOVE,800X GT,MOTOCICLETA,Moto
KOVE,800X L,MOTOCICLETA,Moto
KOVE,800X RALLY,MOTOCICLETA,Moto
KOVE,MX 250,MOTOCICLETA,Moto
KOVE,MX 450 CROSS RALLY,MOTOCICLETA,Moto
KTM,1090 ADVENTURE,MOTOCICLETA,Moto
KTM,1090 ADVENTURE R,MOTOCICLETA,Moto
KTM,1190 ADVENTURE,MOTOCICLETA,Moto
KTM,1190 ADVENTURE R,MOTOCICLETA,Moto
KTM,125 EXC,MOTOCICLETA,Moto
KTM,125SX,MOTOCICLETA,Moto
KTM,1290 SUPER ADVENTURE,MOTOCICLETA,Moto
KTM,1290 SUPER ADVENTURE R,MOTOCICLETA,Moto
KTM,1290 SUPER ADVENTURE S,MOTOCICLETA,Moto
KTM,1290 SUPERDUKE R,MOTOCICLETA,Moto
KTM,150 SX,MOTOCICLETA,Moto
KTM,200 DUKE,MOTOCICLETA,Moto
KTM,200EXC,MOTOCICLETA,Moto
KTM,250 EXC SIX DAYS,MOTOCICLETA,Moto
KTM,250 EXC TPI,MOTOCICLETA,Moto
KTM,250 EXC TPI SIX DAYS,MOTOCICLETA,Moto
KTM,250 EXC-F SIX DAYS,MOTOCICLETA,Moto
KTM,250 SX-F,MOTOCICLETA,Moto
KTM,250 XC-F,MOTOCICLETA,Moto
KTM,250EXC,MOTOCICLETA,Moto
KTM,250EXC-F,MOTOCICLETA,Moto
KTM,300 EXC,MOTOCICLETA,Moto
KTM,300 EXC CHAMPION EDITIO,MOTOCICLETA,Moto
KTM,300 EXC SIX DAYS,MOTOCICLETA,Moto
KTM,300 EXC TPI,MOTOCICLETA,Moto
KTM,300 EXC TPI SIX DAYS,MOTOCICLETA,Moto
KTM,300 EXC-E,MOTOCICLETA,Moto
KTM,300 XC W,MOTOCICLETA,Moto
KTM,300 XC-W SIX DAYS,MOTOCICLETA,Moto
KTM,350 EXC-F,MOTOCICLETA,Moto
KTM,350 EXC-F SIX DAYS,MOTOCICLETA,Moto
KTM,350 SX-F,MOTOCICLETA,Moto
KTM,350 XCF,MOTOCICLETA,Moto
KTM,350 XCF-W SIX DAYS,MOTOCICLETA,Moto
KTM,390 ADVENTURE R,MOTOCICLETA,Moto
KTM,390 ADVENTURE X,MOTOCICLETA,Moto
KTM,390 DUKE,MOTOCICLETA,Moto
KTM,390 ENDURO R,MOTOCICLETA,Moto
KTM,450 EXC,MOTOCICLETA,Moto
KTM,450 EXC RACING,MOTOCICLETA,Moto
KTM,450 EXC-F,MOTOCICLETA,Moto
KTM,450 EXC-F SIX DAYS,MOTOCICLETA,Moto
KTM,450 EXC-R,MOTOCICLETA,Moto
KTM,450 SX-F,MOTOCICLETA,Moto
KTM,450 XC-F,MOTOCICLETA,Moto
KTM,450SXF,MOTOCICLETA,Moto
KTM,50 SX PRO JUNIOR,MOTOCICLETA,Moto
KTM,50 SX PRO SENIOR,MOTOCICLETA,Moto
KTM,50 SX PRO SENIOR LC,MOTOCICLETA,Moto
KTM,500 EXC,MOTOCICLETA,Moto
KTM,500 EXC SIX DAYS,MOTOCICLETA,Moto
KTM,50SX,MOTOCICLETA,Moto
KTM,530 EXC-R,MOTOCICLETA,Moto
KTM,65 SX,MOTOCICLETA,Moto
KTM,690 DUKE,MOTOCICLETA,Moto
KTM,690 ENDURO,MOTOCICLETA,Moto
KTM,690 ENDURO R,MOTOCICLETA,Moto
KTM,690 RALLY REPLICA,MOTOCICLETA,Moto
KTM,690 SM,MOTOCICLETA,Moto
KTM,690 SMC R,MOTOCICLETA,Moto
KTM,790 ADVENTURE,MOTOCICLETA,Moto
KTM,790 ADVENTURE R,MOTOCICLETA,Moto
KTM,790 DUKE,MOTOCICLETA,Moto
KTM,85 SX,MOTOCICLETA,Moto
KTM,890 ADVENTURE,MOTOCICLETA,Moto
KTM,950 ADVENTURE,MOTOCICLETA,Moto
KTM,990 ADVENTURE,MOTOCICLETA,Moto
KTM,990 ADVENTURE R,MOTOCICLETA,Moto
KTM,990 SM T,MOTOCICLETA,Moto
KTM,990 SUPERDUKE,MOTOCICLETA,Moto
KTM,ADVENTURE 390,MOTOCICLETA,Moto
KTM,ADVENTURE 790,MOTOCICLETA,Moto
KTM,ADVENTURE 790 R,MOTOCICLETA,Moto
KTM,ADVENTURE 890 R,MOTOCICLETA,Moto
KTM,DUKE 200,MOTOCICLETA,Moto
KTM,DUKE 200 G2,MOTOCICLETA,Moto
KTM,DUKE 250 G3,MOTOCICLETA,Moto
KTM,DUKE 390,MOTOCICLETA,Moto
KTM,DUKE 390 G3,MOTOCICLETA,Moto
KTM,KTM 200 DUKE,MOTOCICLETA,Moto
KTM,KTM 250 ADVENTURE,MOTOCICLETA,Moto
KTM,KTM 250 DUKE,MOTOCICLETA,Moto
KTM,KTM 250 EXC-F,MOTOCICLETA,Moto
KTM,KTM 350 EXC-F,MOTOCICLETA,Moto
KTM,KTM 790 ADVENTURE,MOTOCICLETA,Moto
KTM,KTM 790 ADVENTURE R,MOTOCICLETA,Moto
KTM,MOTO KTM 250 EXC-F,MOTOCICLETA,Moto
KTM,MOTO KTM 390 DUKE,MOTOCICLETA,Moto
KTM,RC 200,MOTOCICLETA,Moto
KTM,RC 390,MOTOCICLETA,Moto
KTM,RC 390 G2,MOTOCICLETA,Moto
KTM,SX-F 350,MOTOCICLETA,Moto
KYMCO,ACTIV 110,MOTOCICLETA,Moto
KYMCO,ACTIV 125 SRX,MOTOCICLETA,Moto
KYMCO,ACTIV 125SR,MOTOCICLETA,Moto
KYMCO,AGILITY +300,MOTONETA / SCOOTER,Moto
KYMCO,AGILITY 125,MOTOCICLETA / MOTONETA / SCOOTER / SCOOTER,Moto
KYMCO,AGILITY 200I,MOTONETA / SCOOTER,Moto
KYMCO,AGILITY 50,SCOOTER,Moto
KYMCO,AGILITY CITY 200 I,SCOOTER,Moto
KYMCO,AGILITY RS 125 NAKED,MOTONETA / SCOOTER,Moto
KYMCO,AK 550I,SCOOTER,Moto
KYMCO,AXR110,MOTOCICLETA,Moto
KYMCO,BET & WIN 250,SCOOTER,Moto
KYMCO,DINK 150,SCOOTER,Moto
KYMCO,DJ 50,SCOOTER,Moto
KYMCO,DJ50 REFINED,SCOOTER,Moto
KYMCO,DOWNTOWN 300 I,SCOOTER,Moto
KYMCO,DOWNTOWN 300I,MOTONETA / SCOOTER,Moto
KYMCO,DOWNTOWN 350 GT,MOTONETA / SCOOTER,Moto
KYMCO,DOWNTOWN 350I ABS,MOTONETA / SCOOTER,Moto
KYMCO,DT X350,MOTONETA / SCOOTER,Moto
KYMCO,GRAND DINK 150,SCOOTER,Moto
KYMCO,GRAND DINK 250,SCOOTER,Moto
KYMCO,GRAND KING 125,MOTOCICLETA,Moto
KYMCO,HEROISM 125,SCOOTER,Moto
KYMCO,HIPSTER 125,MOTOCICLETA,Moto
KYMCO,KB 100,SCOOTER,Moto
KYMCO,LIKE 125,MOTONETA / SCOOTER / SCOOTER,Moto
KYMCO,LIKE 150I,MOTONETA / SCOOTER,Moto
KYMCO,LIKE 200 I,SCOOTER,Moto
KYMCO,LIKE 200I,MOTONETA / SCOOTER,Moto
KYMCO,MICARE 125,MOTONETA / SCOOTER,Moto
KYMCO,PEOPLE 150,SCOOTER,Moto
KYMCO,PEOPLE 200S,SCOOTER,Moto
KYMCO,PEOPLE 250,MOTOCICLETA / SCOOTER,Moto
KYMCO,PEOPLE 50,SCOOTER,Moto
KYMCO,PEOPLE GT 300 I,SCOOTER,Moto
KYMCO,PEOPLE S 150I,MOTONETA / SCOOTER,Moto
KYMCO,PLEASURE,MOTOCICLETA,Moto
KYMCO,PLEASURE 125,MOTOCICLETA,Moto
KYMCO,PULSAR 125,MOTOCICLETA,Moto
KYMCO,PULSAR 125 LUXE,MOTOCICLETA,Moto
KYMCO,PULSAR UP 125,MOTOCICLETA,Moto
KYMCO,QUANNON,MOTOCICLETA,Moto
KYMCO,SKYTOWN 150,SCOOTER,Moto
KYMCO,SPIKE 125,MOTOCICLETA,Moto
KYMCO,SPIKE 125R,MOTOCICLETA,Moto
KYMCO,STRYKER 125,MOTOCICLETA,Moto
KYMCO,STRYKER 150,MOTOCICLETA,Moto
KYMCO,SUPER 9,SCOOTER,Moto
KYMCO,SUPER9 50,SCOOTER,Moto
KYMCO,SUPER9 AIR,SCOOTER,Moto
KYMCO,TOP BOY 100,SCOOTER,Moto
KYMCO,VENOX 250,MOTOCICLETA,Moto
KYMCO,VISA R 110,MOTOCICLETA,Moto
KYMCO,X-TOWN 250I,MOTONETA / SCOOTER,Moto
KYMCO,XCITING 500,SCOOTER,Moto
KYMCO,XCITING 500 RI,SCOOTER,Moto
KYMCO,XCITING S 400I,MOTONETA / SCOOTER,Moto
KYMCO,XCITING VS 400,MOTONETA / SCOOTER,Moto
KYMCO,XJR,SCOOTER,Moto
KYMCO,YUP 50,SCOOTER,Moto
KYMCO,ZING 150,MOTOCICLETA,Moto
KYMCO,ZX50,SCOOTER,Moto
LEGNANO,CAPRI,MOTOCICLETA,Moto
LEGNANO,IMOLA,MOTOCICLETA,Moto
LEGNANO,MILANO,MOTOCICLETA,Moto
LEGNANO,MILANO SPRINT,MOTOCICLETA,Moto
LEGNANO,MODENA,MOTOCICLETA,Moto
LEGNANO,MONZA,MOTOCICLETA,Moto
LEGNANO,VERONA,MOTOCICLETA,Moto
LEGNANO,YG110-2,MOTOCICLETA,Moto
LIFAN,KP200M,MOTOCICLETA,Moto
LIFAN,KP200T,MOTOCICLETA,Moto
LIFAN,KP350,MOTOCICLETA,Moto
LIFAN,KPV 150,SCOOTER,Moto
LIFAN,KPV150,MOTOCICLETA,Moto
LIFAN,LF125,MOTOCICLETA,Moto
LIFAN,LF150,MOTOCICLETA,Moto
LIFAN,LF150T,MOTOCICLETA,Moto
LIFAN,V16,MOTOCICLETA,Moto
LIFAN,XP200,MOTOCICLETA,Moto
MAVERICK,BLACK STAR,MOTOCICLETA,Moto
MAVERICK,CROSS,MOTOCICLETA,Moto
MAVERICK,FOX,MOTOCICLETA,Moto
MAVERICK,GO,MOTOCICLETA,Moto
MAVERICK,HALLEY,MOTOCICLETA,Moto
MAVERICK,MA 110-2,MOTOCICLETA,Moto
MAVERICK,MA110-3,MOTOCICLETA,Moto
MAVERICK,MA110-A,MOTOCICLETA,Moto
MAVERICK,MA125-12,MOTOCICLETA,Moto
MAVERICK,MA125-2,MOTOCICLETA,Moto
MAVERICK,MA125-5,MOTOCICLETA,Moto
MAVERICK,MA125-7,MOTOCICLETA,Moto
MAVERICK,MA125-7A,MOTOCICLETA,Moto
MAVERICK,MA125-GY,MOTOCICLETA,Moto
MAVERICK,MA125-T6,MOTOCICLETA,Moto
MAVERICK,MA150-12,MOTOCICLETA,Moto
MAVERICK,MA150-13,MOTOCICLETA,Moto
MAVERICK,MA200-13,MOTOCICLETA,Moto
MAVERICK,MA200-GY,MOTOCICLETA,Moto
MAVERICK,MA70,MOTOCICLETA,Moto
MAVERICK,MA70-D,MOTOCICLETA,Moto
MAVERICK,OMEGA,MOTOCICLETA,Moto
MAVERICK,PANTER,MOTOCICLETA,Moto
MAVERICK,STREET,MOTOCICLETA,Moto
MAVERICK,TOP,MOTOCICLETA,Moto
MAVERICK,TRY,MOTOCICLETA,Moto
MAVERICK,XRT,MOTOCICLETA,Moto
MAVERICK MOTOR,ADVENTURE 250,MOTOCICLETA,Moto
MAVERICK MOTOR,BLACK STAR,MOTOCICLETA,Moto
MAVERICK MOTOR,CITY 125,MOTOCICLETA,Moto
MAVERICK MOTOR,CROSS,MOTOCICLETA,Moto
MAVERICK MOTOR,CROSS 125,MOTOCICLETA,Moto
MAVERICK MOTOR,DUAL,MOTOCICLETA,Moto
MAVERICK MOTOR,DUAL 150,MOTOCICLETA,Moto
MAVERICK MOTOR,F1 125,MOTOCICLETA,Moto
MAVERICK MOTOR,FOX,MOTOCICLETA,Moto
MAVERICK MOTOR,GO 70,MOTOCICLETA,Moto
MAVERICK MOTOR,HALLEY,MOTOCICLETA,Moto
MAVERICK MOTOR,MAXIM 250,MOTOCICLETA,Moto
MAVERICK MOTOR,NEXUS 150,MOTOCICLETA,Moto
MAVERICK MOTOR,PANTHER 250,MOTOCICLETA,Moto
MAVERICK MOTOR,STREET,MOTOCICLETA,Moto
MAVERICK MOTOR,SUPRA X,MOTOCICLETA,Moto
MAVERICK MOTOR,SUPRA X 125,MOTOCICLETA,Moto
MAVERICK MOTOR,TOP,MOTOCICLETA,Moto
MAVERICK MOTOR,WIND 100,MOTOCICLETA,Moto
MAVERICK MOTOR,XRT,MOTOCICLETA,Moto
MONDIAL,BD 90,MOTOCICLETA,Moto
MONDIAL,CARGO,CICLOMOTOR,Moto
MONDIAL,CARGO C 2.,CICLOMOTOR,Moto
MONDIAL,CARGO VR,CICLOMOTOR,Moto
MONDIAL,DAX 70,MOTOCICLETA,Moto
MONDIAL,DAX 90,MOTOCICLETA,Moto
MONDIAL,DAX70,MOTOCICLETA,Moto
MONDIAL,EX150K,MOTOCICLETA,Moto
MONDIAL,FREE,CICLOMOTOR,Moto
MONDIAL,FREE CARGO,CICLOMOTOR,Moto
MONDIAL,HD 125 A,MOTOCICLETA,Moto
MONDIAL,HD 125 L,MOTOCICLETA,Moto
MONDIAL,HD 150,MOTOCICLETA,Moto
MONDIAL,HD 150 L,MOTOCICLETA,Moto
MONDIAL,HD 250,MOTOCICLETA,Moto
MONDIAL,HD125,MOTOCICLETA,Moto
MONDIAL,HD125L,MOTOCICLETA,Moto
MONDIAL,HD150L,MOTOCICLETA,Moto
MONDIAL,HD250A,MOTOCICLETA,Moto
MONDIAL,HD250W,MOTOCICLETA,Moto
MONDIAL,HD254A,MOTOCICLETA,Moto
MONDIAL,KX 50,MOTOCICLETA,Moto
MONDIAL,KX50,MOTOCICLETA,Moto
MONDIAL,LD 110 H,MOTOCICLETA,Moto
MONDIAL,LD 110 H1,MOTOCICLETA,Moto
MONDIAL,LD 110 MAX,MOTOCICLETA,Moto
MONDIAL,LD 110 MAX-AD,MOTOCICLETA,Moto
MONDIAL,LD 110 MAX-RT,MOTOCICLETA,Moto
MONDIAL,LD 110 S,MOTOCICLETA,Moto
MONDIAL,LD 110 Y,MOTOCICLETA,Moto
MONDIAL,LD 110 Y T,MOTOCICLETA,Moto
MONDIAL,LD 110-AD,MOTOCICLETA,Moto
MONDIAL,LD 110-RT,MOTOCICLETA,Moto
MONDIAL,LD 110S-AD,MOTOCICLETA,Moto
MONDIAL,LD 110S-AT,MOTOCICLETA,Moto
MONDIAL,LD 110S-RT,MOTOCICLETA,Moto
MONDIAL,LD 125 L,MOTOCICLETA,Moto
MONDIAL,LD PISTA S,MOTOCICLETA,Moto
MONDIAL,LD110,MOTOCICLETA,Moto
MONDIAL,LD110 A 3V,MOTOCICLETA,Moto
MONDIAL,LD110H,MOTOCICLETA,Moto
MONDIAL,LD110K,MOTOCICLETA,Moto
MONDIAL,LD110L,MOTOCICLETA,Moto
MONDIAL,LD110Q,MOTOCICLETA,Moto
MONDIAL,LD110S,MOTOCICLETA,Moto
MONDIAL,LD110Y,MOTOCICLETA,Moto
MONDIAL,LD110YT,MOTOCICLETA,Moto
MONDIAL,LD125L MAX R,MOTOCICLETA,Moto
MONDIAL,MD 125,SCOOTER,Moto
MONDIAL,MD 150,MOTONETA / SCOOTER,Moto
MONDIAL,MD 150 ALLEGRO,MOTONETA / SCOOTER,Moto
MONDIAL,MD125K,SCOOTER,Moto
MONDIAL,MD125K1,SCOOTER,Moto
MONDIAL,MD150,SCOOTER,Moto
MONDIAL,MD150N,SCOOTER,Moto
MONDIAL,MONKEY,MOTOCICLETA,Moto
MONDIAL,MS 50,SCOOTER,Moto
MONDIAL,MS50D,SCOOTER,Moto
MONDIAL,MS50E,SCOOTER,Moto
MONDIAL,QJ100E,MOTOCICLETA,Moto
MONDIAL,QJ110E,MOTOCICLETA,Moto
MONDIAL,RD 125 L,MOTOCICLETA,Moto
MONDIAL,RD 150,MOTOCICLETA,Moto
MONDIAL,RD 150 CLASSIC,MOTOCICLETA,Moto
MONDIAL,RD 150 H,MOTOCICLETA,Moto
MONDIAL,RD 150 L,MOTOCICLETA,Moto
MONDIAL,RD 150-AD,MOTOCICLETA,Moto
MONDIAL,RD 150-RT,MOTOCICLETA,Moto
MONDIAL,RD 150N-AD,MOTOCICLETA,Moto
MONDIAL,RD 150N-RT,MOTOCICLETA,Moto
MONDIAL,RD125,MOTOCICLETA,Moto
MONDIAL,RD125K,MOTOCICLETA,Moto
MONDIAL,RD150K,MOTOCICLETA,Moto
MONDIAL,RD150L,MOTOCICLETA,Moto
MONDIAL,RD200K,MOTOCICLETA,Moto
MONDIAL,RD250,MOTOCICLETA,Moto
MONDIAL,RD250R,MOTOCICLETA,Moto
MONDIAL,RD250S,MOTOCICLETA,Moto
MONDIAL,RV 125,MOTOCICLETA,Moto
MONDIAL,SCARABEO,SCOOTER,Moto
MONDIAL,SILVER FOX 100,SCOOTER,Moto
MONDIAL,TB100,SCOOTER,Moto
MONDIAL,TB125,SCOOTER,Moto
MONDIAL,TD 150,MOTOCICLETA,Moto
MONDIAL,TD 150 L,MOTOCICLETA,Moto
MONDIAL,TD 200 P,MOTOCICLETA,Moto
MONDIAL,TD 250,MOTOCICLETA,Moto
MONDIAL,TD150L,MOTOCICLETA,Moto
MONDIAL,TD200K,MOTOCICLETA,Moto
MONDIAL,TD200K-2,MOTOCICLETA,Moto
MONDIAL,VD250P,MOTOCICLETA,Moto
MONDIAL,W150,MOTOCICLETA,Moto
MONDIAL,W250 SPORT,MOTOCICLETA,Moto
MORBIDELLI,F352,MOTOCICLETA,Moto
MORBIDELLI,M502N,MOTOCICLETA,Moto
MORBIDELLI,N300,MOTOCICLETA,Moto
MORBIDELLI,SC150RE,MOTOCICLETA,Moto
MORBIDELLI,T1002VX,MOTOCICLETA,Moto
MORBIDELLI,T352X,MOTOCICLETA,Moto
MORBIDELLI,T502X,MOTOCICLETA,Moto
MOTO GUZZI,V7 II RACER,MOTOCICLETA,Moto
MOTO GUZZI,V7 II STORNELLO,MOTOCICLETA,Moto
MOTO GUZZI,V7 III ANNIVERSARIO,MOTOCICLETA,Moto
MOTO GUZZI,V7 III RACER,MOTOCICLETA,Moto
MOTO GUZZI,V7 III SPECIAL,MOTOCICLETA,Moto
MOTO GUZZI,V7 III STONE,MOTOCICLETA,Moto
MOTO GUZZI,V85 TT,MOTOCICLETA,Moto
MOTO GUZZI,V9 BOBBER,MOTOCICLETA,Moto
MOTO GUZZI,V9 ROAMER,MOTOCICLETA,Moto
MOTO MORINI,ALLTRHIKE 450,MOTOCICLETA,Moto
MOTO MORINI,CALIBRO,MOTOCICLETA,Moto
MOTO MORINI,SEIEMMEZZO,MOTOCICLETA,Moto
MOTO MORINI,X-CAPE,MOTOCICLETA,Moto
MOTO MORINI,X-CAPE 1200,MOTOCICLETA,Moto
MOTO MORINI,X-CAPE 650,MOTOCICLETA,Moto
MOTO MORINI,X-CAPE 700,MOTOCICLETA,Moto
MOTO MORINI,XCAPE 650,MOTOCICLETA,Moto
MOTOMEL,B110,MOTOCICLETA,Moto
MOTOMEL,B110 TUNNING,MOTOCICLETA,Moto
MOTOMEL,B125,MOTOCICLETA,Moto
MOTOMEL,C 125,MOTOCICLETA,Moto
MOTOMEL,C100 DLX,MOTOCICLETA,Moto
MOTOMEL,C100 SE,MOTOCICLETA,Moto
MOTOMEL,C110,MOTOCICLETA,Moto
MOTOMEL,C110 DLX,MOTOCICLETA,Moto
MOTOMEL,C110 SE,MOTOCICLETA,Moto
MOTOMEL,C150,MOTOCICLETA,Moto
MOTOMEL,C150 SII,MOTOCICLETA,Moto
MOTOMEL,C250,MOTOCICLETA,Moto
MOTOMEL,CA 110,MOTOCICLETA,Moto
MOTOMEL,CA100 DB,MOTOCICLETA,Moto
MOTOMEL,CA100DB,MOTOCICLETA,Moto
MOTOMEL,CA110,MOTOCICLETA,Moto
MOTOMEL,CD 125,MOTOCICLETA,Moto
MOTOMEL,CD100,MOTOCICLETA,Moto
MOTOMEL,CD125,MOTOCICLETA,Moto
MOTOMEL,CG 125,MOTOCICLETA,Moto
MOTOMEL,CG 150,MOTOCICLETA,Moto
MOTOMEL,CITY CARGO 110,MOTOCICLETA,Moto
MOTOMEL,CUSTOM,MOTOCICLETA,Moto
MOTOMEL,CUSTOM 100,MOTOCICLETA,Moto
MOTOMEL,CUSTOM 150,MOTOCICLETA,Moto
MOTOMEL,CUSTOM 200,MOTOCICLETA,Moto
MOTOMEL,CX 150,MOTOCICLETA,Moto
MOTOMEL,CX150,MOTOCICLETA,Moto
MOTOMEL,CX250,MOTOCICLETA,Moto
MOTOMEL,DK 200,MOTOCICLETA,Moto
MOTOMEL,DK200,MOTOCICLETA,Moto
MOTOMEL,DREAM,MOTOCICLETA,Moto
MOTOMEL,E110,MOTOCICLETA,Moto
MOTOMEL,ECO,MOTOCICLETA,Moto
MOTOMEL,ECO AUTOMATIC,MOTOCICLETA,Moto
MOTOMEL,FORZA,SCOOTER,Moto
MOTOMEL,FORZA SE,SCOOTER,Moto
MOTOMEL,GO 125 VINTAGE,MOTOCICLETA,Moto
MOTOMEL,GT,MOTOCICLETA,Moto
MOTOMEL,GV650,MOTOCICLETA,Moto
MOTOMEL,HYOSUNG,MOTOCICLETA,Moto
MOTOMEL,M 70,MOTOCICLETA,Moto
MOTOMEL,M70 AUTO,MOTOCICLETA,Moto
MOTOMEL,MEDAL,MOTOCICLETA,Moto
MOTOMEL,MEGELLI250,MOTOCICLETA,Moto
MOTOMEL,MOTARD,MOTOCICLETA,Moto
MOTOMEL,MOTARD 200,MOTOCICLETA,Moto
MOTOMEL,PX110,MOTOCICLETA,Moto
MOTOMEL,S 250,MOTOCICLETA,Moto
MOTOMEL,S110,MOTOCICLETA,Moto
MOTOMEL,S2,MOTOCICLETA,Moto
MOTOMEL,S250,MOTOCICLETA,Moto
MOTOMEL,S3,MOTOCICLETA,Moto
MOTOMEL,S70,MOTOCICLETA,Moto
MOTOMEL,SIRIUS 150,MOTOCICLETA,Moto
MOTOMEL,SIRIUS 190,MOTOCICLETA,Moto
MOTOMEL,SIRIUS 250,MOTOCICLETA,Moto
MOTOMEL,SIRIUS200,MOTOCICLETA,Moto
MOTOMEL,SKUA 125 X-TREME,MOTOCICLETA,Moto
MOTOMEL,SKUA 200,MOTOCICLETA,Moto
MOTOMEL,SKUA 200 V6,MOTOCICLETA,Moto
MOTOMEL,SKUA ADVENTURE,MOTOCICLETA,Moto
MOTOMEL,SKUA200,MOTOCICLETA,Moto
MOTOMEL,SKUA250,MOTOCICLETA,Moto
MOTOMEL,SL 125,MOTOCICLETA / SCOOTER,Moto
MOTOMEL,SL125,SCOOTER,Moto
MOTOMEL,SQ 50,SCOOTER,Moto
MOTOMEL,SQ50,SCOOTER,Moto
MOTOMEL,SR 150,MOTOCICLETA,Moto
MOTOMEL,SR 200,MOTOCICLETA,Moto
MOTOMEL,SR200,MOTOCICLETA,Moto
MOTOMEL,STRATO,MOTOCICLETA / SCOOTER,Moto
MOTOMEL,STRATO ALPINO,MOTONETA / SCOOTER,Moto
MOTOMEL,STRATO E,MOTONETA / SCOOTER,Moto
MOTOMEL,STRATO EURO 150,MOTONETA / SCOOTER,Moto
MOTOMEL,STRATO FUN 80,MOTONETA / SCOOTER,Moto
MOTOMEL,T150,MOTOCICLETA,Moto
MOTOMEL,T200,MOTOCICLETA,Moto
MOTOMEL,VICTORY 150,MOTOCICLETA,Moto
MOTOMEL,VX150,MOTOCICLETA / SCOOTER,Moto
MOTOMEL,X3M,MOTOCICLETA,Moto
MOTOMEL,XMM,MOTOCICLETA,Moto
MV AGUSTA,BRUTALE 1000 RR,MOTOCICLETA,Moto
MV AGUSTA,BRUTALE 1000 RS,MOTOCICLETA,Moto
MV AGUSTA,BRUTALE 1090,MOTOCICLETA,Moto
MV AGUSTA,BRUTALE 675,MOTOCICLETA,Moto
MV AGUSTA,BRUTALE 800,MOTOCICLETA,Moto
MV AGUSTA,BRUTALE 800 DRAGSTER,MOTOCICLETA,Moto
MV AGUSTA,BRUTALE 800 RR,MOTOCICLETA,Moto
MV AGUSTA,BRUTALE 800 RR SCS,MOTOCICLETA,Moto
MV AGUSTA,BRUTALE DRAGSTER RR,MOTOCICLETA,Moto
MV AGUSTA,BRUTALE RR,MOTOCICLETA,Moto
MV AGUSTA,DRAGSTER 800 ROSSO,MOTOCICLETA,Moto
MV AGUSTA,F3 675,MOTOCICLETA,Moto
MV AGUSTA,F3 800,MOTOCICLETA,Moto
MV AGUSTA,F3 800 RC,MOTOCICLETA,Moto
MV AGUSTA,F3 800 RR,MOTOCICLETA,Moto
MV AGUSTA,F4 1000 S/1+1,MOTOCICLETA,Moto
MV AGUSTA,F4 RR,MOTOCICLETA,Moto
MV AGUSTA,RIVALE 800,MOTOCICLETA,Moto
MV AGUSTA,STRADALE 800,MOTOCICLETA,Moto
MV AGUSTA,SUPERVELOCE 800,MOTOCICLETA,Moto
MV AGUSTA,TURISMO VELOCE,MOTOCICLETA,Moto
MV AGUSTA,TURISMO VELOCE 800,MOTOCICLETA,Moto
MV AGUSTA,TURISMO VELOCE LUSSO,MOTOCICLETA,Moto
NORTON,COMMANDO 961,MOTOCICLETA,Moto
NUUV,M+ SPORT,SCOOTER,Moto
NUUV,N SPORT,SCOOTER,Moto
NUUV,NGT,SCOOTER,Moto
NUUV,U PRO,SCOOTER,Moto
OKINOI,150 R,MOTOCICLETA,Moto
OKINOI,250 R,MOTOCICLETA,Moto
OKINOI,ASTOR R-200,MOTOCICLETA,Moto
OKINOI,DROP 125,SCOOTER,Moto
OKINOI,NAKED 150,MOTOCICLETA,Moto
OKINOI,OKIMOTARD 250,MOTOCICLETA,Moto
OKINOI,OKINOI 110,MOTOCICLETA,Moto
OKINOI,OKN 110,MOTOCICLETA,Moto
OKINOI,OKN 250,MOTOCICLETA,Moto
OKINOI,OKN 300,MOTOCICLETA,Moto
OKINOI,OKN DROP 125,MOTONETA / SCOOTER,Moto
OKINOI,OKN ROMA 125,MOTONETA / SCOOTER,Moto
OKINOI,R 150 N,MOTOCICLETA,Moto
OKINOI,R 250 N,MOTOCICLETA,Moto
OKINOI,ROMA 125,MOTONETA / SCOOTER,Moto
OKINOI,ROMA ELECTRICA,MOTONETA / SCOOTER,Moto
OKINOI,ST 150 N,MOTOCICLETA,Moto
OKINOI,ST150,MOTOCICLETA,Moto
OKINOI,STREET 150,MOTOCICLETA,Moto
OKINOI,SUPERMOTARD,MOTOCICLETA,Moto
OKINOI,TANGO 110,MOTOCICLETA,Moto
OKINOI,TUNING 125,MOTOCICLETA,Moto
OLMO,FLASH 110 S,MOTOCICLETA,Moto
OLMO,XT 150,MOTOCICLETA,Moto
PIAGGIO,BEVERLY 400 HPE,SCOOTER,Moto
PIAGGIO,M52,SCOOTER,Moto
PIAGGIO,M68,SCOOTER,Moto
PIAGGIO,MP3 310 HPE,SCOOTER,Moto
PIAGGIO,MP3 LT 500IE BUSINESS,SCOOTER,Moto
PIAGGIO,MP3 YOURBAN LT 300 IE (3,SCOOTER,Moto
PIAGGIO,MP3 YOURBAN LT 300 IE SP,SCOOTER,Moto
PIAGGIO,VESPA 150 PRIMAVERA,MOTOCICLETA / SCOOTER,Moto
PIAGGIO,VESPA 150 SPRINT,SCOOTER,Moto
PIAGGIO,VESPA GTS 300,SCOOTER,Moto
PIAGGIO,VESPA GTS 300 IE,SCOOTER,Moto
PIAGGIO,VESPA GTS SUPER 300,SCOOTER,Moto
PIAGGIO,VESPA GTSS 300,SCOOTER,Moto
PIAGGIO,VESPA SXL 150,SCOOTER,Moto
PIAGGIO,VESPA VXL 150,SCOOTER,Moto
QINGQI,QS90-2,MOTOCICLETA,Moto
QJ MOTOR,FORT 350,SCOOTER,Moto
QJ MOTOR,SRK 600,MOTOCICLETA,Moto
QJ MOTOR,SRT 550 SX,MOTOCICLETA,Moto
QJ MOTOR,SRT 700 X,MOTOCICLETA,Moto
QJ MOTOR,SRV 600 V,MOTOCICLETA,Moto
QJMOTOR,FORT 350,MOTONETA / SCOOTER,Moto
QJMOTOR,SRK 400,MOTOCICLETA,Moto
QJMOTOR,SRK 600,MOTOCICLETA,Moto
QJMOTOR,SRT 550,MOTOCICLETA,Moto
QJMOTOR,SRT 700X,MOTOCICLETA,Moto
QJMOTOR,SRT 800 SX,MOTOCICLETA,Moto
QJMOTOR,SRV 300,MOTOCICLETA,Moto
ROYAL ENFIELD,BULLET 500,MOTOCICLETA,Moto
ROYAL ENFIELD,BULLET CLASSIC EFI,MOTOCICLETA,Moto
ROYAL ENFIELD,BULLET ELECTRA EFI,MOTOCICLETA,Moto
ROYAL ENFIELD,BULLET TRIALS 500,MOTOCICLETA,Moto
ROYAL ENFIELD,CLASSIC 350,MOTOCICLETA,Moto
ROYAL ENFIELD,CLASSIC 500,MOTOCICLETA,Moto
ROYAL ENFIELD,CLASSIC 650,MOTOCICLETA,Moto
ROYAL ENFIELD,CONTINENTAL 650,MOTOCICLETA,Moto
ROYAL ENFIELD,CONTINENTAL GT,MOTOCICLETA,Moto
ROYAL ENFIELD,CONTINENTAL GT 650,MOTOCICLETA,Moto
ROYAL ENFIELD,GRR 450,MOTOCICLETA,Moto
ROYAL ENFIELD,HIMALAYAN,MOTOCICLETA,Moto
ROYAL ENFIELD,HIMALAYAN 452,MOTOCICLETA,Moto
ROYAL ENFIELD,HUNTER 350,MOTOCICLETA,Moto
ROYAL ENFIELD,INTERCEPTOR 650,MOTOCICLETA,Moto
ROYAL ENFIELD,INTERCEPTOR BEAR 650,MOTOCICLETA,Moto
ROYAL ENFIELD,METEOR 350,MOTOCICLETA,Moto
ROYAL ENFIELD,SCRAM,MOTOCICLETA,Moto
ROYAL ENFIELD,SHOTGUN 650,MOTOCICLETA,Moto
ROYAL ENFIELD,SUPER METEOR 650,MOTOCICLETA,Moto
RVM,250-9,MOTOCICLETA,Moto
RVM,400 TWINS,MOTOCICLETA,Moto
RVM,CF650,MOTOCICLETA,Moto
RVM,CF650TR,MOTOCICLETA,Moto
RVM,CZ 200-2,MOTOCICLETA,Moto
RVM,CZ 250,MOTOCICLETA,Moto
RVM,JAWA250,MOTOCICLETA,Moto
RVM,RM600,MOTOCICLETA,Moto
RVM,RVM 250 E,MOTOCICLETA,Moto
RVM,RVM 500,MOTOCICLETA,Moto
RVM,RVM 500-2,MOTOCICLETA,Moto
RVM,RVM CZ 250,MOTOCICLETA,Moto
RVM,RVM400,MOTOCICLETA,Moto
RVM,RVM450,MOTOCICLETA,Moto
RVM,TEKKEN 250,MOTOCICLETA,Moto
RVM,TEKKEN 250-2,MOTOCICLETA,Moto
RVM,TEKKEN 300,MOTOCICLETA,Moto
RVM,TEKKEN 500 X,MOTOCICLETA,Moto
RVM,TEKKEN-250,MOTOCICLETA,Moto
RVM,TEKKEN250,MOTOCICLETA,Moto
RVM,V 800,MOTOCICLETA,Moto
RVM,V800,MOTOCICLETA,Moto
SHERCO,250 SEF-R,MOTOCICLETA,Moto
SHERCO,300 SE-R,MOTOCICLETA,Moto
SHERCO,300 SEF-R,MOTOCICLETA,Moto
SIAM,N4,SCOOTER,Moto
SIAM,NOMAD 150,MOTOCICLETA,Moto
SIAM,QU 110,MOTOCICLETA,Moto
SIAM,QU 110 BASE,MOTOCICLETA,Moto
SIAM,QUIRION 150,MOTOCICLETA,Moto
SIAM,SPIRIT,MOTOCICLETA,Moto
SIAM,TRENDER 150,MOTOCICLETA,Moto
SIAM,VICTORIA,MOTONETA / SCOOTER,Moto
SUMO,CG125,MOTOCICLETA,Moto
SUMO,SB110,MOTOCICLETA,Moto
SUMO,SG125 SUPER,MOTOCICLETA,Moto
SUMO,SL200,MOTOCICLETA,Moto
SUNRA,AMALFI,SCOOTER,Moto
SUNRA,ANGER,SCOOTER,Moto
SUNRA,ANGER-S,SCOOTER,Moto
SUNRA,ASTRO,SCOOTER,Moto
SUNRA,GRACE,SCOOTER,Moto
SUNRA,HAWK,SCOOTER,Moto
SUNRA,K3,SCOOTER,Moto
SUNRA,LEO,SCOOTER,Moto
SUNRA,LMJR,SCOOTER,Moto
SUNRA,MIKU MAX,SCOOTER,Moto
SUNRA,MIKU SUPER,MOTOCICLETA,Moto
SUPER SOCO,CPX,SCOOTER,Moto
SUPER SOCO,CU MINI,SCOOTER,Moto
SUPER SOCO,CUX,SCOOTER,Moto
SUPER SOCO,CUX DUCATI,SCOOTER,Moto
SUPER SOCO,TC,MOTOCICLETA,Moto
SUPER SOCO,TC MAX,MOTOCICLETA,Moto
SUPER SOCO,TC WANDERER,MOTOCICLETA,Moto
SUPER SOCO,TS,MOTOCICLETA,Moto
SUPER SOCO,TS X,MOTOCICLETA,Moto
SUZUKI,AN 125,SCOOTER,Moto
SUZUKI,AX 100,MOTOCICLETA,Moto
SUZUKI,AX 100 MARSHAL,MOTOCICLETA,Moto
SUZUKI,AX 100 R,MOTOCICLETA,Moto
SUZUKI,AX 100D,MOTOCICLETA / SIN ESPECIFICACION,Moto
SUZUKI,AX-100,MOTOCICLETA / SIN ESPECIFICACION,Moto
SUZUKI,AX100,MOTOCICLETA,Moto
SUZUKI,AX100A,MOTOCICLETA,Moto
SUZUKI,AX100V,MOTOCICLETA,Moto
SUZUKI,BOULEVARD C-50 T,MOTOCICLETA,Moto
SUZUKI,BOULEVARD C50,MOTOCICLETA,Moto
SUZUKI,BOULEVARD M109R,MOTOCICLETA,Moto
SUZUKI,BOULEVARD M50,MOTOCICLETA,Moto
SUZUKI,BOULEVARD S50,MOTOCICLETA,Moto
SUZUKI,BOULEVARD S83,MOTOCICLETA,Moto
SUZUKI,BURGMAN 200,SCOOTER,Moto
SUZUKI,DL 650,MOTOCICLETA,Moto
SUZUKI,DL 650 XA,MOTOCICLETA,Moto
SUZUKI,DL1000 V-STROM,MOTOCICLETA,Moto
SUZUKI,DL1000A,MOTOCICLETA,Moto
SUZUKI,DL1000XA,MOTOCICLETA,Moto
SUZUKI,DL1050RC,MOTOCICLETA,Moto
SUZUKI,DL650,MOTOCICLETA,Moto
SUZUKI,DL650 V-STROM,MOTOCICLETA,Moto
SUZUKI,DL650A,MOTOCICLETA,Moto
SUZUKI,DL650XA,MOTOCICLETA,Moto
SUZUKI,DL800,MOTOCICLETA,Moto
SUZUKI,DR-Z400S DUAL SPORT,MOTOCICLETA,Moto
SUZUKI,DR650SE,MOTOCICLETA,Moto
SUZUKI,DS250RL,MOTOCICLETA,Moto
SUZUKI,EN125 HU,MOTOCICLETA,Moto
SUZUKI,EN125-2A,MOTOCICLETA,Moto
SUZUKI,EN125-HU,MOTOCICLETA,Moto
SUZUKI,GIXXER,MOTOCICLETA,Moto
SUZUKI,GN 125,MOTOCICLETA,Moto
SUZUKI,GN 125 H,MOTOCICLETA,Moto
SUZUKI,GN125-F,MOTOCICLETA,Moto
SUZUKI,GN125E,MOTOCICLETA,Moto
SUZUKI,GN125EN,MOTOCICLETA,Moto
SUZUKI,GN125ER,MOTOCICLETA,Moto
SUZUKI,GN125ES,MOTOCICLETA,Moto
SUZUKI,GN125ET,MOTOCICLETA,Moto
SUZUKI,GN125H,MOTOCICLETA,Moto
SUZUKI,GS 125,MOTOCICLETA,Moto
SUZUKI,GSF650 BANDIT,MOTOCICLETA,Moto
SUZUKI,GSF650SA,MOTOCICLETA,Moto
SUZUKI,GSR 750,MOTOCICLETA,Moto
SUZUKI,GSR600,MOTOCICLETA,Moto
SUZUKI,GSX 125 R,MOTOCICLETA,Moto
SUZUKI,GSX 1300 RK5,MOTOCICLETA,Moto
SUZUKI,GSX 1300R HAYABUSA,MOTOCICLETA,Moto
SUZUKI,GSX 1300RA,MOTOCICLETA,Moto
SUZUKI,GSX 600 FL,MOTOCICLETA,Moto
SUZUKI,GSX 600 FM,MOTOCICLETA,Moto
SUZUKI,GSX 600 FR,MOTOCICLETA,Moto
SUZUKI,GSX 750,MOTOCICLETA,Moto
SUZUKI,GSX R1000RA,MOTOCICLETA,Moto
SUZUKI,GSX-R 1100,MOTOCICLETA,Moto
SUZUKI,GSX-R1000,MOTOCICLETA,Moto
SUZUKI,GSX-R1000 A,MOTOCICLETA,Moto
SUZUKI,GSX-R1000 RA,MOTOCICLETA,Moto
SUZUKI,GSX-R1100 W,MOTOCICLETA,Moto
SUZUKI,GSX-R1100N,MOTOCICLETA,Moto
SUZUKI,GSX-R1100WS,MOTOCICLETA,Moto
SUZUKI,GSX-R600,MOTOCICLETA,Moto
SUZUKI,GSX-R600V,MOTOCICLETA,Moto
SUZUKI,GSX-S750,MOTOCICLETA,Moto
SUZUKI,GSX-S750A,MOTOCICLETA,Moto
SUZUKI,GSX1100F,MOTOCICLETA,Moto
SUZUKI,GSX1300BK B-KING,MOTOCICLETA,Moto
SUZUKI,GSX1300R,MOTOCICLETA,Moto
SUZUKI,GSX150,MOTOCICLETA,Moto
SUZUKI,GSX600FS,MOTOCICLETA,Moto
SUZUKI,GSXR 750,MOTOCICLETA,Moto
SUZUKI,GSXR 750 M,MOTOCICLETA,Moto
SUZUKI,GSXR600,MOTOCICLETA,Moto
SUZUKI,GW250 INAZUMA,MOTOCICLETA,Moto
SUZUKI,RM Z 250,MOTOCICLETA,Moto
SUZUKI,RM Z450L1,MOTOCICLETA,Moto
SUZUKI,RM-Z250,MOTOCICLETA,Moto
SUZUKI,RM-Z450,MOTOCICLETA,Moto
SUZUKI,RMZ250,MOTOCICLETA,Moto
SUZUKI,RMZ450,MOTOCICLETA,Moto
SUZUKI,SJ110,MOTOCICLETA,Moto
SUZUKI,SJ110D,MOTOCICLETA,Moto
SUZUKI,SV650A,MOTOCICLETA,Moto
SUZUKI,SV650XA,MOTOCICLETA,Moto
SUZUKI,V-STROM 1000 XT ABS,MOTOCICLETA,Moto
SUZUKI,V-STROM 250 ABS,MOTOCICLETA,Moto
SUZUKI,V-STROM 650 XT ABS,MOTOCICLETA,Moto
SUZUKI,VZ800,MOTOCICLETA,Moto
SUZUKI,VZ800 MARAUDER,MOTOCICLETA,Moto
SUZUKI,VZ800W,MOTOCICLETA,Moto
SUZUKI,VZ800Y MARAUDER,MOTOCICLETA,Moto
SYM,CITYCOM,MOTONETA / SCOOTER,Moto
SYM,CROX 125,MOTONETA / SCOOTER,Moto
SYM,FIDDLE II 150 S,MOTONETA / SCOOTER,Moto
SYM,JET 14,MOTONETA / SCOOTER,Moto
SYM,JET X,MOTONETA / SCOOTER,Moto
SYM,JOYRIDE,MOTONETA / SCOOTER,Moto
SYM,JOYRIDE 300,MOTOCICLETA,Moto
SYM,MAXSYM 600,SCOOTER,Moto
SYM,MAXSYM 600I,MOTONETA / SCOOTER,Moto
SYM,MAXSYM TL,SCOOTER,Moto
SYM,ORBIT II 125,MOTOCICLETA,Moto
SYM,ORBIT III 125,MOTONETA / SCOOTER,Moto
SYM,SYMPHONY,MOTONETA / SCOOTER,Moto
SYM,T1 180,MOTOCICLETA,Moto
SYM,TL508,SCOOTER,Moto
TEKNIAL,LX01,SCOOTER,Moto
TEKNIAL,LX04,SCOOTER,Moto
TIBO,AERO 150,MOTOCICLETA,Moto
TIBO,COASTER 250,MOTOCICLETA,Moto
TIBO,JET 110,MOTONETA / SCOOTER,Moto
TIBO,NITRO 200,MOTOCICLETA,Moto
TIBO,RAIDER 250,MOTOCICLETA,Moto
TIBO,RIDER 250,MOTOCICLETA,Moto
TIBO,RS 150,MOTOCICLETA,Moto
TIBO,SAMURAI 250,MOTOCICLETA,Moto
TIBO,ZONDA 200,MOTOCICLETA,Moto
TRIUMPH,BONNEVILLE BOBBER,MOTOCICLETA,Moto
TRIUMPH,BONNEVILLE BOBBER TFC,MOTOCICLETA,Moto
TRIUMPH,BONNEVILLE SE,MOTOCICLETA,Moto
TRIUMPH,BONNEVILLE T 100,MOTOCICLETA,Moto
TRIUMPH,BONNEVILLE T 100 BLACK,MOTOCICLETA,Moto
TRIUMPH,BONNEVILLE T100,MOTOCICLETA,Moto
TRIUMPH,BONNEVILLE T120,MOTOCICLETA,Moto
TRIUMPH,BONNEVILLE T120 BLACK,MOTOCICLETA,Moto
TRIUMPH,EXPLORER XCA,MOTOCICLETA,Moto
TRIUMPH,EXPLORER XCX,MOTOCICLETA,Moto
TRIUMPH,ROCKET 3 GT,MOTOCICLETA,Moto
TRIUMPH,ROCKET 3 R,MOTOCICLETA,Moto
TRIUMPH,ROCKET 3 TFC,MOTOCICLETA,Moto
TRIUMPH,ROCKET III 2300,MOTOCICLETA,Moto
TRIUMPH,ROCKET III 2300 ROADSTER,MOTOCICLETA,Moto
TRIUMPH,ROCKET III TOURING,MOTOCICLETA,Moto
TRIUMPH,SCRAMBLER,MOTOCICLETA,Moto
TRIUMPH,SCRAMBLER 1200 XC,MOTOCICLETA,Moto
TRIUMPH,SCRAMBLER 1200 XE,MOTOCICLETA,Moto
TRIUMPH,SCRAMBLER 400X,MOTOCICLETA,Moto
TRIUMPH,SCRAMBLER 400XC,MOTOCICLETA,Moto
TRIUMPH,SCRAMBLER 900,MOTOCICLETA,Moto
TRIUMPH,SPEED 400,MOTOCICLETA,Moto
TRIUMPH,SPEED TWIN,MOTOCICLETA,Moto
TRIUMPH,SPEED TWIN 900,MOTOCICLETA,Moto
TRIUMPH,STREET CUP,MOTOCICLETA,Moto
TRIUMPH,STREET SCRAMBLER,MOTOCICLETA,Moto
TRIUMPH,STREET TWIN,MOTOCICLETA,Moto
TRIUMPH,THRUXTON,MOTOCICLETA,Moto
TRIUMPH,THRUXTON 900,MOTOCICLETA,Moto
TRIUMPH,THRUXTON R,MOTOCICLETA,Moto
TRIUMPH,TIGER 1050,MOTOCICLETA,Moto
TRIUMPH,TIGER 1200 GT PRO,MOTOCICLETA,Moto
TRIUMPH,TIGER 1200 RALLY EXPLORE,MOTOCICLETA,Moto
TRIUMPH,TIGER 1200 RALLY PRO,MOTOCICLETA,Moto
TRIUMPH,TIGER 1200 XCX,MOTOCICLETA,Moto
TRIUMPH,TIGER 800,MOTOCICLETA,Moto
TRIUMPH,TIGER 800 XC,MOTOCICLETA,Moto
TRIUMPH,TIGER 800 XCA,MOTOCICLETA,Moto
TRIUMPH,TIGER 800 XCX,MOTOCICLETA,Moto
TRIUMPH,TIGER 800 XRX,MOTOCICLETA,Moto
TRIUMPH,TIGER 900,MOTOCICLETA,Moto
TRIUMPH,TIGER 900 GT,MOTOCICLETA,Moto
TRIUMPH,TIGER 900 GT PRO,MOTOCICLETA,Moto
TRIUMPH,TIGER 900 RALLY,MOTOCICLETA,Moto
TRIUMPH,TIGER 900 RALLY PRO,MOTOCICLETA,Moto
TRIUMPH,TIGER EXPLORER,MOTOCICLETA,Moto
TRIUMPH,TIGER EXPLORER XC,MOTOCICLETA,Moto
TRIUMPH,TIGER SPORT,MOTOCICLETA,Moto
TRIUMPH,TRIDENT,MOTOCICLETA,Moto
TVS,NTORQ 125,MOTONETA / SCOOTER,Moto
TVS,NTORQ DISC,SCOOTER,Moto
TVS,RR 310,MOTOCICLETA,Moto
TVS,RTR 160,MOTOCICLETA,Moto
TVS,RTR 200,MOTOCICLETA,Moto
TVS,RTR160,MOTOCICLETA,Moto
TVS,RTR200,MOTOCICLETA,Moto
TVS,TVS NEO,MOTOCICLETA,Moto
TVS,TVS RAIDER,MOTOCICLETA,Moto
TVS,TVS RAIDER L,MOTOCICLETA,Moto
TVS,XR 110,MOTOCICLETA,Moto
VOGE,300,MOTOCICLETA,Moto
VOGE,300 AC,MOTOCICLETA,Moto
VOGE,300 DS,MOTOCICLETA,Moto
VOGE,500DS,MOTOCICLETA,Moto
VOGE,500R,MOTOCICLETA,Moto
VOGE,650DS,MOTOCICLETA,Moto
VOGE,DS525X,MOTOCICLETA,Moto
VOGE,DS800X RALLY,MOTOCICLETA,Moto
YAMAHA,900 ST,MOTOCICLETA,Moto
YAMAHA,CRYPTON,MOTOCICLETA,Moto
YAMAHA,CYGNUS RAY ZR,SCOOTER,Moto
YAMAHA,FASCINO 125 FI,MOTONETA / SCOOTER / SCOOTER,Moto
YAMAHA,FAZER 600 FZ6,MOTOCICLETA,Moto
YAMAHA,FAZER 600 FZ6T,MOTOCICLETA,Moto
YAMAHA,FAZER FI,MOTOCICLETA,Moto
YAMAHA,FAZER FZ8 SA,MOTOCICLETA,Moto
YAMAHA,FJR 1300,MOTOCICLETA,Moto
YAMAHA,FJR1300A,MOTOCICLETA,Moto
YAMAHA,FJR1300AS,MOTOCICLETA,Moto
YAMAHA,FZ 16,MOTOCICLETA,Moto
YAMAHA,FZ FI,MOTOCICLETA,Moto
YAMAHA,FZ-S FI,MOTOCICLETA,Moto
YAMAHA,FZ-S FI D,MOTOCICLETA,Moto
YAMAHA,FZ-S FI V3.0,MOTOCICLETA,Moto
YAMAHA,FZ-S FI V4.0 ABS,MOTOCICLETA,Moto
YAMAHA,FZ-X,MOTOCICLETA,Moto
YAMAHA,FZ1,MOTOCICLETA,Moto
YAMAHA,FZ1 N,MOTOCICLETA,Moto
YAMAHA,FZ1 SA,MOTOCICLETA,Moto
YAMAHA,FZ16 ST,MOTOCICLETA,Moto
YAMAHA,FZ1N FAZER,MOTOCICLETA,Moto
YAMAHA,FZ1S,MOTOCICLETA,Moto
YAMAHA,FZ25,MOTOCICLETA,Moto
YAMAHA,FZ25 ABS,MOTOCICLETA,Moto
YAMAHA,FZ6,MOTOCICLETA,Moto
YAMAHA,FZ6 NAHG,MOTOCICLETA,Moto
YAMAHA,FZ6-N,MOTOCICLETA,Moto
YAMAHA,FZ6-S,MOTOCICLETA,Moto
YAMAHA,FZ6NHG,MOTOCICLETA,Moto
YAMAHA,FZ6SAHG,MOTOCICLETA,Moto
YAMAHA,FZ6SHG,MOTOCICLETA,Moto
YAMAHA,FZ8 NA,MOTOCICLETA,Moto
YAMAHA,FZ8-N,MOTOCICLETA,Moto
YAMAHA,FZ8-S,MOTOCICLETA,Moto
YAMAHA,MT 03A,MOTOCICLETA,Moto
YAMAHA,MT 07,MOTOCICLETA,Moto
YAMAHA,MT 07 A,MOTOCICLETA,Moto
YAMAHA,MT 09,MOTOCICLETA,Moto
YAMAHA,MT 09 ABS,MOTOCICLETA,Moto
YAMAHA,MT 09 TRACER,MOTOCICLETA,Moto
YAMAHA,MT 10,MOTOCICLETA,Moto
YAMAHA,MT-07 TRACER,MOTOCICLETA,Moto
YAMAHA,MT-07ST,MOTOCICLETA,Moto
YAMAHA,MT-09ST,MOTOCICLETA,Moto
YAMAHA,MT01,MOTOCICLETA,Moto
YAMAHA,MT03,MOTOCICLETA,Moto
YAMAHA,MT03 ABS,MOTOCICLETA,Moto
YAMAHA,MT03. ABS,MOTOCICLETA,Moto
YAMAHA,NM-X,SCOOTER,Moto
YAMAHA,NM-X CONNECTED,MOTONETA / SCOOTER,Moto
YAMAHA,NMAX CONNECTED,MOTONETA / SCOOTER,Moto
YAMAHA,PW 50,MOTOCICLETA,Moto
YAMAHA,PW50,MOTOCICLETA,Moto
YAMAHA,R1,MOTOCICLETA,Moto
YAMAHA,R15,MOTOCICLETA,Moto
YAMAHA,R6,MOTOCICLETA,Moto
YAMAHA,RAY ZR 125 FI,MOTONETA / SCOOTER / SCOOTER,Moto
YAMAHA,ROAD STAR 1700,MOTOCICLETA,Moto
YAMAHA,ROYAL STAR 1300,MOTOCICLETA,Moto
YAMAHA,ROYAL STAR 1300 MIDNIGH,MOTOCICLETA,Moto
YAMAHA,ROYAL STAR 1300 VENTURE,MOTOCICLETA,Moto
YAMAHA,ROYAL STAR 1300A,MOTOCICLETA,Moto
YAMAHA,SUPER TENERE,MOTOCICLETA,Moto
YAMAHA,SZ15RR,MOTOCICLETA,Moto
YAMAHA,T105 CRYPTON,MOTOCICLETA,Moto
YAMAHA,T105E CRYPTON,MOTOCICLETA,Moto
YAMAHA,T110,MOTOCICLETA,Moto
YAMAHA,T110 CRYPTON,MOTOCICLETA,Moto
YAMAHA,T110C,MOTOCICLETA,Moto
YAMAHA,TDM900,MOTOCICLETA,Moto
YAMAHA,TDM900A,MOTOCICLETA,Moto
YAMAHA,TENERE 700,MOTOCICLETA,Moto
YAMAHA,TENERE ADVENTURE,MOTOCICLETA,Moto
YAMAHA,TT-R230,MOTOCICLETA,Moto
YAMAHA,TTR 125EV,MOTOCICLETA,Moto
YAMAHA,TTR 125V,MOTOCICLETA,Moto
YAMAHA,TTR 600,MOTOCICLETA,Moto
YAMAHA,TTR125,MOTOCICLETA,Moto
YAMAHA,TTR125E,MOTOCICLETA,Moto
YAMAHA,TTR125LW,MOTOCICLETA,Moto
YAMAHA,TTR125LWE,MOTOCICLETA,Moto
YAMAHA,TTR230,MOTOCICLETA,Moto
YAMAHA,TTR230T,MOTOCICLETA,Moto
YAMAHA,TTR230W,MOTOCICLETA,Moto
YAMAHA,TZ125,MOTOCICLETA,Moto
YAMAHA,TZR 125,MOTOCICLETA,Moto
YAMAHA,TZR 125 R,MOTOCICLETA,Moto
YAMAHA,TZR 125 SP,MOTOCICLETA,Moto
YAMAHA,V STAR,MOTOCICLETA,Moto
YAMAHA,V STAR 1300,MOTOCICLETA,Moto
YAMAHA,V STAR 950,MOTOCICLETA,Moto
YAMAHA,V STAR CLASSIC,MOTOCICLETA,Moto
YAMAHA,V-MAX,MOTOCICLETA,Moto
YAMAHA,V-MAX 1200,MOTOCICLETA,Moto
YAMAHA,WR250F,MOTOCICLETA,Moto
YAMAHA,WR250R,MOTOCICLETA,Moto
YAMAHA,WR250X,MOTOCICLETA,Moto
YAMAHA,WR450F,MOTOCICLETA,Moto
YAMAHA,XJ 600 SD SECAII,MOTOCICLETA,Moto
YAMAHA,XJ6-F DIVERSION,MOTOCICLETA,Moto
YAMAHA,XJ6-N,MOTOCICLETA,Moto
YAMAHA,XJ6-S DIVERSION,MOTOCICLETA,Moto
YAMAHA,XJR 1300,MOTOCICLETA,Moto
YAMAHA,XMAX,SCOOTER,Moto
YAMAHA,XP 500,SCOOTER,Moto
YAMAHA,XSR900,MOTOCICLETA,Moto
YAMAHA,XT 225,MOTOCICLETA,Moto
YAMAHA,XT225 4-STROKE,MOTOCICLETA,Moto
YAMAHA,XT225 G,MOTOCICLETA,Moto
YAMAHA,XT225D,MOTOCICLETA,Moto
YAMAHA,XT600E,MOTOCICLETA,Moto
YAMAHA,XT600ED,MOTOCICLETA,Moto
YAMAHA,XT660R,MOTOCICLETA,Moto
YAMAHA,XT660X,MOTOCICLETA,Moto
YAMAHA,XT660Z,MOTOCICLETA,Moto
YAMAHA,XTZ 125,MOTOCICLETA,Moto
YAMAHA,XTZ 125 E,MOTOCICLETA,Moto
YAMAHA,XTZ 125E,MOTOCICLETA,Moto
YAMAHA,XTZ 250,MOTOCICLETA,Moto
YAMAHA,XTZ125E,MOTOCICLETA,Moto
YAMAHA,XTZ125K,MOTOCICLETA,Moto
YAMAHA,XTZ150,MOTOCICLETA,Moto
YAMAHA,XTZ250,MOTOCICLETA,Moto
YAMAHA,XTZ250 ABS,MOTOCICLETA,Moto
YAMAHA,XTZ250 LANDER,MOTOCICLETA,Moto
YAMAHA,XTZ250ABS,MOTOCICLETA,Moto
YAMAHA,XV1900A MIDNIGTH STAR,MOTOCICLETA,Moto
YAMAHA,XV950 BOLT,MOTOCICLETA,Moto
YAMAHA,XV950R,MOTOCICLETA,Moto
YAMAHA,XVA1100 V-STAR CUSTOM,MOTOCICLETA,Moto
YAMAHA,XVS 65 V-STAR CLASSIC,MOTOCICLETA,Moto
YAMAHA,XVS11 V-STAR,MOTOCICLETA,Moto
YAMAHA,XVS11 V-STAR CLASSIC,MOTOCICLETA,Moto
YAMAHA,XVS1100,MOTOCICLETA,Moto
YAMAHA,XVS1100 V-STAR CLASSIC,MOTOCICLETA,Moto
YAMAHA,XVS1100A,MOTOCICLETA,Moto
YAMAHA,XVS1300A MIDNIGHT STAR,MOTOCICLETA,Moto
YAMAHA,XVS65 V-STAR,MOTOCICLETA,Moto
YAMAHA,XVS650,MOTOCICLETA,Moto
YAMAHA,XVS650 V-STAR CUSTOM,MOTOCICLETA,Moto
YAMAHA,XVS650A,MOTOCICLETA,Moto
YAMAHA,XVS950A,MOTOCICLETA,Moto
YAMAHA,XVS950CUD A,MOTOCICLETA,Moto
YAMAHA,XVZ1300AT,MOTOCICLETA,Moto
YAMAHA,YBR 125,MOTOCICLETA,Moto
YAMAHA,YBR 125 ED,MOTOCICLETA,Moto
YAMAHA,YBR 125 R,MOTOCICLETA,Moto
YAMAHA,YBR 125ED,MOTOCICLETA,Moto
YAMAHA,YBR 250,MOTOCICLETA,Moto
YAMAHA,YBR Z,MOTOCICLETA,Moto
YAMAHA,YBR125,MOTOCICLETA,Moto
YAMAHA,YBR125 4-STROKE,MOTOCICLETA,Moto
YAMAHA,YBR125E,MOTOCICLETA,Moto
YAMAHA,YBR125ED,MOTOCICLETA,Moto
YAMAHA,YBR125K,MOTOCICLETA,Moto
YAMAHA,YBR250,MOTOCICLETA,Moto
YAMAHA,YBRZ,MOTOCICLETA,Moto
YAMAHA,YFM-80,CUATRICICLO / MOTOCICLETA,Moto
YAMAHA,YFS-200 G,CUATRICICLO / MOTOCICLETA,Moto
YAMAHA,YFS200 G-PP,CUATRICICLO / MOTOCICLETA,Moto
YAMAHA,YFZ350,CUATRIC.C/DISP.ENG. / CUATRICICLO / MOTOCICLETA,Moto
YAMAHA,YFZ350G,CUATRICICLO / MOTOCICLETA,Moto
YAMAHA,YP400 MAJESTY,SCOOTER,Moto
YAMAHA,YS250 FAZER,MOTOCICLETA,Moto
YAMAHA,YZ 125,MOTOCICLETA,Moto
YAMAHA,YZ 125 G1,MOTOCICLETA,Moto
YAMAHA,YZ 125G,MOTOCICLETA,Moto
YAMAHA,YZ 250 G1,MOTOCICLETA,Moto
YAMAHA,YZ125F1,MOTOCICLETA,Moto
YAMAHA,YZ250,MOTOCICLETA / MOTOCROSS,Moto
YAMAHA,YZ250F,MOTOCICLETA,Moto
YAMAHA,YZ250FX,MOTOCICLETA,Moto
YAMAHA,YZ250X,MOTOCICLETA,Moto
YAMAHA,YZ426F,MOTOCICLETA,Moto
YAMAHA,YZ450F,MOTOCICLETA,Moto
YAMAHA,YZ450FX,MOTOCICLETA,Moto
YAMAHA,YZ85,MOTOCICLETA,Moto
YAMAHA,YZ85LW,MOTOCICLETA,Moto
YAMAHA,YZF R,MOTOCICLETA,Moto
YAMAHA,YZF R1M,MOTOCICLETA,Moto
YAMAHA,YZF R3 GP,MOTOCICLETA,Moto
YAMAHA,YZF R3A,MOTOCICLETA,Moto
YAMAHA,YZF R7,MOTOCICLETA,Moto
YAMAHA,YZF-R1,MOTOCICLETA,Moto
YAMAHA,YZF-R6,MOTOCICLETA,Moto
YAMAHA,YZF250R,MOTOCICLETA,Moto
ZANELLA,CECCATO R 150,MOTOCICLETA,Moto
ZANELLA,CECCATO V 250 I,MOTOCICLETA,Moto
ZANELLA,CECCATO X,MOTOCICLETA,Moto
ZANELLA,CECCATO X 250,MOTOCICLETA,Moto
ZANELLA,CECCATO X 700,MOTOCICLETA,Moto
ZANELLA,CICL. N-FIRE 50 PLUS,CICLOMOTOR,Moto
ZANELLA,CICL. SOL LA PLUS,CICLOMOTOR,Moto
ZANELLA,CICL. SOL TOP,CICLOMOTOR,Moto
ZANELLA,CICL.SOL LA PLUS,CICLOMOTOR,Moto
ZANELLA,CICLOMOTOR FIRE,CICLOMOTOR,Moto
ZANELLA,CICLOMOTOR FIRE VR,CICLOMOTOR,Moto
ZANELLA,CICLOMOTOR NEW FIRE,CICLOMOTOR,Moto
ZANELLA,CICLOMOTOR SOL LA,CICLOMOTOR,Moto
ZANELLA,CRUISER 200 GT,MOTOCICLETA,Moto
ZANELLA,CRUISER X,MOTOCICLETA,Moto
ZANELLA,CRUISER X1,MOTONETA / SCOOTER,Moto
ZANELLA,CUSTOM 125,MOTOCICLETA,Moto
ZANELLA,CUSTOM 150,MOTOCICLETA,Moto
ZANELLA,DELIBERY,CICLOMOTOR,Moto
ZANELLA,DELIVERY 100,MOTOCICLETA,Moto
ZANELLA,DIRTBIKE,MOTOCICLETA,Moto
ZANELLA,DUE,MOTOCICLETA,Moto
ZANELLA,DUE 110 LUXURY,MOTOCICLETA,Moto
ZANELLA,DUE 110 SPORT,MOTOCICLETA,Moto
ZANELLA,DUE 110 ST,MOTOCICLETA,Moto
ZANELLA,DUE 125 SPORT,MOTOCICLETA,Moto
ZANELLA,DUE 3V,MOTOCICLETA,Moto
ZANELLA,DUE CLASSIC 110,MOTOCICLETA,Moto
ZANELLA,DUE CLASSIC AUTOMATICA,MOTOCICLETA,Moto
ZANELLA,DUE GL,CICLOMOTOR,Moto
ZANELLA,DUE GL C/ALEACION,CICLOMOTOR,Moto
ZANELLA,E STYLER,MOTOCICLETA,Moto
ZANELLA,GT2I,MOTOCICLETA,Moto
ZANELLA,HJ 110,MOTOCICLETA,Moto
ZANELLA,HJ110,MOTOCICLETA,Moto
ZANELLA,HJ125-7,MOTOCICLETA,Moto
ZANELLA,HOT,MOTOCICLETA,Moto
ZANELLA,HOT 90 G2,MOTOCICLETA,Moto
ZANELLA,HOT 90 SWEET G2,MOTOCICLETA,Moto
ZANELLA,HOT 90 SWEET SERIES,MOTOCICLETA,Moto
ZANELLA,MADASS,MOTOCICLETA,Moto
ZANELLA,MOD,MOTOCICLETA,Moto
ZANELLA,MOTO NEW FIRE 70 FULL,MOTOCICLETA,Moto
ZANELLA,MOTO NEW FIRE 70 VAV,MOTOCICLETA,Moto
ZANELLA,MOTO SOL TOP 70,CICLOMOTOR,Moto
ZANELLA,MOTO SOL TOP 70 VAV,CICLOMOTOR,Moto
ZANELLA,MOTONETA,MOTOCICLETA,Moto
ZANELLA,MOTORI RTZ 500,MOTOCICLETA,Moto
ZANELLA,NEW FIRE 100,MOTOCICLETA,Moto
ZANELLA,NEW FIRE 50 ECONO,CICLOMOTOR,Moto
ZANELLA,NEW FIRE 50 PLUS,CICLOMOTOR,Moto
ZANELLA,NEW FIRE 50 SPORT,CICLOMOTOR,Moto
ZANELLA,NEW FIRE 50CC,CICLOMOTOR,Moto
ZANELLA,NEW FIRE 50CC 4T,CICLOMOTOR,Moto
ZANELLA,NEW FIRE 70 CC 4T,CICLOMOTOR,Moto
ZANELLA,NEW FIRE 70 ECONO,CICLOMOTOR,Moto
ZANELLA,NEW FIRE 70 FULL,CICLOMOTOR,Moto
ZANELLA,NEW FIRE 70 PLUS,CICLOMOTOR,Moto
ZANELLA,NEW FIRE 90,CICLOMOTOR,Moto
ZANELLA,NEW FIRE 90 4V,CICLOMOTOR,Moto
ZANELLA,NEW FIRE POWER 70,CICLOMOTOR,Moto
ZANELLA,PATAGONIA EAGLE 250 II,MOTOCICLETA,Moto
ZANELLA,PATAGONIAN EAGLE 125,MOTOCICLETA,Moto
ZANELLA,PATAGONIAN EAGLE 150,MOTOCICLETA,Moto
ZANELLA,PATAGONIAN EAGLE 250,MOTOCICLETA,Moto
ZANELLA,PATAGONIAN EAGLE 250 II,MOTOCICLETA,Moto
ZANELLA,PATAGONIAN EAGLE 350,MOTOCICLETA,Moto
ZANELLA,POCKET,CICLOMOTOR / MOTOCICLETA / SIN ESPECIFICACION,Moto
ZANELLA,POCKET AUTOMIX,CICLOMOTOR,Moto
ZANELLA,POCKET EK,CICLOMOTOR,Moto
ZANELLA,POCKET GL,CICLOMOTOR,Moto
ZANELLA,POCKET PLUS,CICLOMOTOR,Moto
ZANELLA,RALLY 50CC,CICLOMOTOR,Moto
ZANELLA,RAPTOR,CICLOMOTOR,Moto
ZANELLA,RAPTOR 4 TIEMPOS,CICLOMOTOR,Moto
ZANELLA,RK6,MOTOCICLETA,Moto
ZANELLA,RKS,MOTOCICLETA,Moto
ZANELLA,RKV,MOTOCICLETA,Moto
ZANELLA,RX 125,MOTOCICLETA,Moto
ZANELLA,RX 125 SPORT,MOTOCICLETA,Moto
ZANELLA,RX 150,MOTOCICLETA,Moto
ZANELLA,RX 150 F,MOTOCICLETA,Moto
ZANELLA,RX 150 G3,MOTOCICLETA,Moto
ZANELLA,RX 150 GLADIATOR,MOTOCICLETA,Moto
ZANELLA,RX 150 NEXT,MOTOCICLETA,Moto
ZANELLA,RX 150 R,MOTOCICLETA,Moto
ZANELLA,RX 150 Z7,MOTOCICLETA,Moto
ZANELLA,RX 200,MOTOCICLETA,Moto
ZANELLA,RX 200 G2,MOTOCICLETA,Moto
ZANELLA,RX 200 MONACO,MOTOCICLETA,Moto
ZANELLA,RX 200 NAKED,MOTOCICLETA,Moto
ZANELLA,RX 200 NEXT,MOTOCICLETA,Moto
ZANELLA,RX 250,MOTOCICLETA,Moto
ZANELLA,RX 350 NAKED,MOTOCICLETA,Moto
ZANELLA,RX150,MOTOCICLETA,Moto
ZANELLA,RX200,MOTOCICLETA,Moto
ZANELLA,RX250,MOTOCICLETA,Moto
ZANELLA,RZ 25,MOTOCICLETA,Moto
ZANELLA,RZ 300,MOTOCICLETA,Moto
ZANELLA,RZ 35 R,MOTOCICLETA,Moto
ZANELLA,RZ 400,MOTOCICLETA,Moto
ZANELLA,RZ 650,MOTOCICLETA,Moto
ZANELLA,RZ 650 MT,MOTOCICLETA,Moto
ZANELLA,RZ3,MOTOCICLETA,Moto
ZANELLA,RZ7,MOTOCICLETA,Moto
ZANELLA,SAPUCAI 125,MOTOCICLETA,Moto
ZANELLA,SAPUCAI 150,MOTOCICLETA,Moto
ZANELLA,SAPUCAI 150 F,MOTOCICLETA,Moto
ZANELLA,SEXY 110,MOTOCICLETA,Moto
ZANELLA,SEXY 125,MOTOCICLETA,Moto
ZANELLA,SOL,CICLOMOTOR,Moto
ZANELLA,SOL 100,MOTOCICLETA,Moto
ZANELLA,SOL 100 AUTOMATICA,MOTOCICLETA,Moto
ZANELLA,SOL 50 ECONO,CICLOMOTOR,Moto
ZANELLA,SOL 50 MAX,CICLOMOTOR,Moto
ZANELLA,SOL 70,MOTOCICLETA,Moto
ZANELLA,SOL 70 4 TIEMPOS,CICLOMOTOR,Moto
ZANELLA,SOL 90,MOTOCICLETA,Moto
ZANELLA,SOL 90 4V,MOTOCICLETA,Moto
ZANELLA,SOL 90 AUTOMATIC,MOTOCICLETA,Moto
ZANELLA,SOL BUSINESS,MOTOCICLETA,Moto
ZANELLA,SOL MAX,CICLOMOTOR,Moto
ZANELLA,SOL MAX 47,CICLOMOTOR,Moto
ZANELLA,SOL SPEED,CICLOMOTOR,Moto
ZANELLA,SPEEDCRUISER,MOTOCICLETA,Moto
ZANELLA,SPEEDLIGHT 200,MOTOCICLETA,Moto
ZANELLA,STYLER,MOTOCICLETA,Moto
ZANELLA,STYLER 125 CRUISER,MOTOCICLETA,Moto
ZANELLA,STYLER 125 EXCLUSIVE,MOTOCICLETA,Moto
ZANELLA,STYLER 150 CRUISER,MOTOCICLETA / SCOOTER,Moto
ZANELLA,STYLER 150 EXCLUSIVE,MOTOCICLETA,Moto
ZANELLA,STYLER 150 RS,MOTONETA / SCOOTER,Moto
ZANELLA,STYLER 150 RT,MOTOCICLETA,Moto
ZANELLA,STYLER 50,MOTOCICLETA,Moto
ZANELLA,STYLER 50 CLASSIC,SCOOTER,Moto
ZANELLA,STYLER RS 150,MOTONETA / SCOOTER,Moto
ZANELLA,SWING,MOTOCICLETA / SCOOTER,Moto
ZANELLA,TRICARGO,CICLOMOTOR,Moto
ZANELLA,TX,MOTOCICLETA,Moto
ZANELLA,VENTO,MOTOCICLETA,Moto
ZANELLA,VENTO 3V,MOTOCICLETA,Moto
ZANELLA,VENTO CLASSIC,MOTOCICLETA,Moto
ZANELLA,Z-CAP,MOTOCICLETA,Moto
ZANELLA,Z-CAP 50,MOTOCICLETA,Moto
ZANELLA,Z-CARGA 4 TIEMPOS,CICLOMOTOR,Moto
ZANELLA,ZANELLA SOL 70 ECONO,CICLOMOTOR,Moto
ZANELLA,ZB 110,MOTOCICLETA,Moto
ZANELLA,ZB 110 R,MOTOCICLETA,Moto
ZANELLA,ZB 110 WHITE SHARK,MOTOCICLETA,Moto
ZANELLA,ZB 110D,MOTOCICLETA,Moto
ZANELLA,ZB 125 R,MOTOCICLETA,Moto
ZANELLA,ZB 125 SHARK,MOTOCICLETA,Moto
ZANELLA,ZB 125R,MOTOCICLETA,Moto
ZANELLA,ZB 125R XENON,MOTOCICLETA,Moto
ZANELLA,ZB Z3 110 F,MOTOCICLETA,Moto
ZANELLA,ZB Z3 110 ST,MOTOCICLETA,Moto
ZANELLA,ZB110,MOTOCICLETA,Moto
ZANELLA,ZB110 RT,MOTOCICLETA,Moto
ZANELLA,ZB110 SHARK,MOTOCICLETA,Moto
ZANELLA,ZB110D,MOTOCICLETA,Moto
ZANELLA,ZB125,MOTOCICLETA,Moto
ZANELLA,ZCARGA CRAZY 70CC 2T,MOTOCICLETA,Moto
ZANELLA,ZR 125,MOTOCICLETA,Moto
ZANELLA,ZR 125 MOTARD,MOTOCICLETA,Moto
ZANELLA,ZR 150,MOTOCICLETA,Moto
ZANELLA,ZR 150 OHC V2,MOTOCICLETA,Moto
ZANELLA,ZR 150 ZT,MOTOCICLETA,Moto
ZANELLA,ZR 200,MOTOCICLETA,Moto
ZANELLA,ZR 200 ENDURO,MOTOCICLETA,Moto
ZANELLA,ZR 250,MOTOCICLETA,Moto
ZANELLA,ZSC125,SCOOTER,Moto
ZANELLA,ZTT 200 ENDURO,MOTOCICLETA,Moto
ZANELLA,ZTT 200 MOTARD,MOTOCICLETA,Moto
ZANELLA,ZTT 250 ENDURO,MOTOCICLETA,Moto
ZANELLA,ZTT 250 MOTARD,MOTOCICLETA,Moto
ZANELLA,ZTT 250 SUPERMOTARD,MOTOCICLETA,Moto
ZANELLA,ZTT200,MOTOCICLETA,Moto
ZANELLA,ZTT200 ENDURO,MOTOCICLETA,Moto
ZANELLA,ZTT200 MOTARD,MOTOCICLETA,Moto
ZANELLA,ZTT250 SUPERMOTARD,MOTOCICLETA,Moto
ZONTES,350 D,SCOOTER,Moto
ZONTES,350 E,SCOOTER,Moto
ZONTES,350 M,SCOOTER,Moto
ZONTES,350 R,MOTOCICLETA,Moto
ZONTES,350 T,MOTOCICLETA,Moto
ZONTES,350 V,MOTOCICLETA,Moto
ZONTES,350 X,MOTOCICLETA,Moto
ZONTES,368 E,SCOOTER,Moto
ZONTES,368 G,SCOOTER,Moto
ZONTES,703F,MOTOCICLETA,Moto
ZONTES,703RR,MOTOCICLETA,Moto
